sample_idx,one_way_latency_us
0,24.837
1,23.694
2,23.607
3,22.780
4,23.317
5,33.603
6,42.374
7,44.215
8,37.580
9,33.401
10,42.029
11,34.168
12,27.156
13,34.577
14,33.099
15,34.403
16,32.887
17,42.962
18,38.971
19,38.402
20,21.030
21,19.470
22,19.887
23,21.416
24,30.922
25,26.904
26,41.644
27,33.360
28,32.923
29,29.434
30,25.159
31,24.405
32,23.676
33,22.652
34,24.002
35,23.947
36,23.116
37,23.827
38,30.481
39,27.547
40,27.336
41,27.652
42,23.754
43,23.662
44,28.011
45,23.258
46,26.895
47,31.257
48,33.576
49,36.901
50,27.620
51,35.610
52,27.216
53,35.294
54,25.586
55,35.362
56,33.286
57,20.567
58,35.840
59,45.239
60,30.416
61,26.863
62,27.087
63,25.227
64,37.309
65,25.076
66,22.523
67,17.381
68,22.101
69,22.606
70,23.162
71,22.225
72,22.532
73,23.368
74,22.495
75,23.721
76,23.355
77,22.909
78,22.441
79,23.098
80,22.587
81,23.410
82,22.996
83,22.459
84,22.945
85,22.973
86,22.110
87,23.074
88,25.889
89,22.670
90,23.001
91,23.125
92,22.234
93,22.965
94,23.281
95,22.666
96,22.693
97,23.855
98,22.593
99,25.053
100,24.024
101,29.889
102,25.517
103,31.381
104,30.820
105,30.779
106,31.413
107,16.209
108,24.773
109,26.495
110,31.532
111,18.959
112,19.570
113,19.768
114,23.052
115,25.848
116,38.608
117,20.392
118,18.730
119,20.366
120,20.383
121,21.279
122,19.626
123,20.434
124,23.492
125,37.782
126,23.093
127,35.982
128,20.471
129,20.562
130,18.578
131,18.946
132,23.643
133,16.737
134,19.695
135,24.576
136,21.669
137,28.525
138,24.797
139,22.358
140,27.386
141,24.939
142,27.868
143,24.745
144,23.235
145,23.304
146,24.195
147,42.517
148,16.637
149,16.719
150,27.814
151,26.275
152,25.058
153,23.340
154,38.538
155,97.584
156,38.191
157,29.255
158,29.797
159,27.836
160,28.570
161,26.766
162,46.786
163,31.822
164,29.526
165,26.366
166,23.198
167,23.561
168,24.456
169,23.340
170,37.075
171,29.989
172,25.770
173,36.179
174,35.791
175,32.403
176,25.430
177,26.899
178,28.974
179,30.591
180,24.135
181,26.229
182,23.428
183,23.584
184,32.183
185,26.013
186,26.734
187,34.390
188,31.652
189,34.361
190,28.700
191,39.288
192,34.651
193,35.844
194,19.805
195,19.323
196,32.758
197,17.330
198,19.474
199,25.223
200,20.291
201,19.098
202,33.117
203,19.988
204,24.631
205,33.989
206,17.362
207,25.205
208,33.269
209,17.468
210,19.488
211,33.117
212,25.168
213,25.462
214,24.319
215,21.472
216,22.541
217,22.638
218,21.609
219,22.808
220,22.936
221,21.274
222,22.555
223,22.413
224,21.394
225,22.312
226,23.093
227,21.141
228,23.285
229,29.372
230,38.767
231,37.245
232,37.534
233,35.248
234,32.170
235,34.981
236,25.980
237,32.873
238,27.831
239,40.325
240,32.217
241,32.841
242,32.938
243,31.771
244,32.842
245,32.690
246,20.962
247,32.933
248,31.505
249,34.264
250,34.751
251,44.045
252,25.361
253,19.396
254,32.290
255,28.093
256,25.320
257,35.078
258,32.313
259,41.272
260,22.317
261,23.078
262,22.202
263,31.578
264,31.409
265,25.003
266,25.544
267,30.030
268,34.728
269,32.414
270,22.073
271,35.807
272,21.733
273,18.515
274,16.958
275,19.616
276,19.337
277,20.030
278,35.610
279,18.716
280,19.511
281,19.974
282,18.680
283,20.365
284,23.203
285,39.036
286,31.835
287,29.264
288,26.110
289,28.644
290,23.194
291,32.607
292,29.960
293,27.516
294,26.578
295,22.541
296,28.042
297,28.823
298,25.935
299,38.838
300,23.474
301,27.448
302,25.241
303,24.484
304,80.716
305,28.502
306,23.561
307,23.303
308,24.778
309,23.800
310,25.320
311,23.892
312,23.272
313,22.886
314,24.015
315,24.108
316,23.520
317,23.657
318,27.226
319,32.626
320,16.899
321,30.491
322,25.149
323,27.046
324,27.823
325,31.356
326,26.032
327,25.655
328,23.947
329,22.454
330,23.474
331,23.740
332,27.464
333,35.380
334,33.663
335,34.660
336,26.573
337,34.122
338,33.144
339,34.678
340,33.388
341,40.340
342,34.338
343,18.236
344,40.243
345,35.450
346,19.796
347,16.733
348,23.437
349,16.526
350,18.721
351,15.704
352,18.956
353,35.188
354,25.586
355,26.192
356,23.667
357,23.561
358,21.991
359,22.799
360,24.429
361,25.526
362,23.387
363,25.962
364,25.375
365,22.666
366,23.129
367,21.485
368,22.445
369,26.073
370,30.775
371,22.931
372,38.994
373,44.858
374,39.742
375,35.114
376,23.359
377,19.805
378,16.733
379,19.231
380,19.079
381,18.578
382,19.410
383,16.628
384,18.739
385,22.927
386,30.774
387,22.270
388,18.500
389,19.470
390,19.139
391,22.840
392,19.093
393,19.332
394,18.611
395,23.712
396,18.726
397,20.608
398,25.389
399,25.357
400,24.305
401,24.493
402,26.026
403,25.540
404,30.196
405,21.756
406,37.401
407,39.135
408,37.376
409,31.748
410,47.306
411,37.667
412,39.022
413,22.445
414,18.694
415,21.623
416,26.128
417,25.857
418,23.194
419,24.103
420,23.212
421,22.605
422,24.410
423,23.276
424,26.417
425,25.026
426,22.569
427,22.895
428,24.135
429,22.353
430,22.987
431,24.038
432,21.849
433,21.118
434,24.089
435,22.367
436,22.666
437,24.145
438,27.216
439,30.834
440,41.676
441,35.013
442,24.587
443,28.556
444,30.178
445,36.255
446,34.563
447,29.159
448,26.381
449,29.172
450,26.137
451,31.422
452,27.138
453,30.918
454,28.143
455,28.327
456,26.546
457,29.701
458,26.265
459,29.852
460,27.381
461,27.418
462,27.748
463,30.081
464,26.582
465,29.044
466,29.067
467,28.415
468,27.432
469,30.430
470,47.535
471,21.591
472,22.376
473,22.569
474,24.544
475,39.357
476,39.137
477,31.486
478,25.972
479,31.574
480,28.511
481,28.723
482,27.666
483,28.502
484,34.279
485,31.312
486,28.043
487,25.990
488,27.184
489,28.222
490,35.734
491,32.515
492,35.803
493,31.156
494,30.494
495,28.148
496,29.277
497,28.286
498,28.974
499,26.275
500,29.117
501,27.607
502,28.079
503,26.610
504,38.035
505,29.985
506,25.389
507,33.493
508,32.432
509,29.989
510,31.000
511,29.925
512,30.858
513,39.281
514,32.224
515,27.400
516,27.143
517,26.555
518,27.248
519,31.849
520,39.568
521,32.120
522,36.225
523,29.663
524,32.355
525,29.411
526,33.273
527,54.591
528,49.920
529,40.666
530,43.022
531,52.247
532,39.206
533,49.014
534,47.724
535,31.518
536,32.359
537,24.677
538,55.498
539,49.294
540,46.608
541,30.834
542,39.490
543,31.275
544,222.106
545,31.436
546,29.797
547,27.322
548,30.829
549,25.806
550,28.075
551,27.464
552,28.088
553,27.326
554,28.470
555,27.354
556,27.689
557,27.657
558,40.675
559,23.189
560,5.864
561,45.292
562,30.788
563,37.343
564,46.257
565,42.987
566,32.910
567,48.950
568,33.920
569,32.988
570,44.606
571,33.553
572,31.762
573,67.953
574,57.538
575,33.220
576,33.298
577,27.997
578,31.578
579,29.930
580,27.657
581,29.953
582,33.971
583,30.623
584,36.653
585,29.526
586,19.823
587,27.074
588,32.014
589,29.994
590,5.570
591,24.727
592,30.471
593,26.319
594,32.359
595,27.436
596,29.769
597,31.566
598,29.864
599,26.743
600,28.245
601,28.098
602,26.160
603,26.757
604,24.135
605,25.930
606,25.861
607,27.335
608,27.175
609,26.091
610,24.112
611,23.143
612,30.513
613,36.075
614,26.046
615,29.672
616,26.514
617,26.031
618,25.724
619,25.728
620,26.137
621,26.950
622,25.811
623,28.075
624,24.448
625,26.151
626,25.136
627,28.869
628,28.479
629,26.614
630,30.523
631,24.989
632,23.584
633,25.806
634,25.742
635,23.184
636,28.038
637,26.532
638,23.180
639,30.224
640,29.443
641,27.377
642,26.881
643,25.214
644,24.186
645,23.427
646,27.400
647,42.216
648,53.498
649,34.178
650,30.527
651,26.532
652,27.294
653,31.716
654,28.980
655,26.789
656,29.136
657,26.087
658,27.965
659,26.614
660,31.872
661,41.511
662,231.684
663,26.306
664,33.093
665,33.824
666,41.846
667,23.846
668,26.334
669,21.302
670,19.047
671,20.026
672,20.811
673,19.056
674,19.497
675,33.590
676,27.692
677,44.828
678,41.137
679,65.003
680,39.831
681,40.334
682,40.493
683,27.055
684,26.381
685,42.038
686,30.623
687,38.007
688,38.283
689,36.148
690,21.729
691,23.107
692,30.601
693,31.377
694,28.386
695,35.610
696,19.897
697,19.552
698,28.976
699,37.911
700,21.086
701,63.956
702,41.270
703,24.989
704,23.799
705,36.498
706,36.570
707,38.214
708,33.929
709,35.238
710,28.608
711,28.337
712,27.574
713,23.740
714,25.795
715,26.238
716,26.505
717,27.818
718,13.775
719,18.110
720,33.696
721,28.669
722,27.937
723,24.180
724,23.850
725,24.976
726,27.698
727,27.648
728,27.390
729,34.655
730,29.873
731,29.569
732,30.100
733,27.151
734,26.199
735,26.477
736,34.077
737,30.657
738,29.712
739,28.314
740,26.564
741,22.748
742,22.946
743,26.339
744,26.372
745,25.260
746,24.131
747,22.716
748,23.038
749,26.660
750,26.854
751,24.328
752,24.121
753,22.776
754,32.309
755,25.214
756,24.594
757,23.106
758,25.491
759,31.555
760,30.649
761,26.070
762,30.651
763,26.450
764,26.220
765,36.878
766,31.302
767,20.806
768,20.677
769,21.164
770,19.424
771,40.120
772,40.863
773,34.756
774,100.644
775,27.232
776,53.389
777,33.264
778,32.222
779,27.882
780,35.355
781,30.006
782,30.322
783,44.307
784,107.781
785,5.170
786,38.204
787,55.667
788,41.706
789,49.016
790,39.100
791,39.837
792,38.019
793,38.728
794,36.501
795,39.499
796,38.361
797,39.738
798,32.977
799,29.733
800,25.053
801,24.820
802,26.669
803,33.609
804,28.116
805,51.324
806,45.084
807,24.433
808,36.139
809,21.197
810,20.333
811,21.201
812,22.744
813,42.276
814,31.399
815,49.684
816,31.799
817,27.308
818,103.234
819,31.294
820,28.121
821,24.245
822,23.799
823,27.473
824,26.078
825,25.292
826,25.370
827,29.637
828,32.309
829,32.042
830,27.684
831,32.897
832,27.129
833,24.668
834,25.076
835,27.919
836,34.086
837,41.130
838,21.435
839,36.271
840,30.396
841,29.430
842,31.041
843,30.302
844,26.995
845,32.549
846,32.093
847,27.771
848,24.649
849,25.049
850,29.020
851,22.496
852,21.128
853,20.466
854,19.199
855,20.305
856,21.338
857,27.648
858,21.995
859,21.219
860,28.933
861,20.213
862,21.587
863,38.995
864,22.192
865,38.586
866,36.634
867,19.543
868,22.514
869,24.943
870,21.977
871,27.901
872,38.117
873,28.603
874,40.067
875,30.003
876,29.118
877,27.778
878,23.799
879,22.790
880,26.454
881,22.651
882,22.253
883,24.888
884,22.748
885,23.276
886,24.158
887,21.834
888,22.964
889,24.851
890,22.372
891,25.878
892,40.658
893,18.680
894,19.672
895,23.364
896,31.638
897,24.245
898,23.194
899,23.652
900,24.277
901,23.556
902,23.699
903,24.213
904,23.061
905,23.313
906,24.089
907,27.552
908,24.163
909,28.613
910,19.616
911,35.693
912,36.492
913,40.367
914,22.441
915,38.989
916,21.421
917,20.053
918,19.971
919,20.007
920,19.727
921,19.892
922,34.730
923,4.725
924,27.172
925,36.978
926,19.680
927,20.067
928,20.411
929,18.625
930,25.434
931,20.374
932,18.959
933,19.874
934,20.466
935,18.680
936,20.223
937,19.575
938,15.194
939,25.375
940,24.213
941,23.427
942,24.277
943,23.552
944,22.987
945,23.837
946,23.479
947,23.120
948,23.566
949,23.740
950,22.969
951,23.997
952,23.556
953,22.895
954,23.708
955,23.767
956,22.909
957,23.721
958,23.602
959,22.890
960,23.680
961,23.359
962,24.750
963,23.823
964,23.391
965,22.996
966,23.837
967,23.543
968,23.134
969,24.038
970,25.605
971,23.290
972,24.117
973,23.745
974,23.598
975,24.277
976,23.781
977,22.932
978,23.970
979,23.405
980,25.590
981,24.750
982,23.616
983,23.194
984,24.066
985,47.660
986,19.442
987,20.209
988,26.757
989,28.700
990,23.428
991,28.718
992,24.800
993,23.253
994,23.437
995,24.796
996,23.488
997,23.230
998,24.892
999,23.294
1000,24.581
1001,24.746
1002,23.110
1003,23.855
1004,25.021
1005,23.280
1006,23.189
1007,25.861
1008,23.043
1009,23.061
1010,24.659
1011,22.831
1012,23.216
1013,24.663
1014,23.107
1015,23.566
1016,30.384
1017,27.285
1018,25.131
1019,29.108
1020,25.816
1021,18.597
1022,38.471
1023,32.648
1024,20.718
1025,18.969
1026,19.369
1027,24.438
1028,28.479
1029,25.265
1030,24.535
1031,24.227
1032,25.976
1033,25.701
1034,24.093
1035,25.848
1036,25.256
1037,24.131
1038,25.971
1039,25.389
1040,24.176
1041,25.683
1042,25.260
1043,24.190
1044,26.201
1045,25.021
1046,23.433
1047,25.591
1048,23.611
1049,23.607
1050,33.085
1051,43.694
1052,44.956
1053,27.009
1054,39.647
1055,37.750
1056,32.571
1057,25.453
1058,24.567
1059,25.053
1060,25.122
1061,27.096
1062,27.326
1063,22.996
1064,24.383
1065,25.779
1066,25.526
1067,24.843
1068,27.487
1069,33.130
1070,26.215
1071,0.822
1072,6.139
1073,18.712
1074,19.442
1075,20.604
1076,21.288
1077,39.578
1078,21.440
1079,19.846
1080,20.581
1081,21.338
1082,19.401
1083,21.623
1084,20.898
1085,35.417
1086,45.420
1087,42.881
1088,46.782
1089,46.295
1090,44.977
1091,46.295
1092,45.133
1093,46.667
1094,45.478
1095,46.938
1096,34.343
1097,46.548
1098,44.771
1099,46.245
1100,44.863
1101,45.465
1102,32.933
1103,26.069
1104,25.738
1105,24.686
1106,26.188
1107,23.753
1108,24.181
1109,25.260
1110,22.739
1111,25.866
1112,25.554
1113,25.053
1114,24.419
1115,26.491
1116,23.162
1117,24.130
1118,26.045
1119,25.623
1120,24.374
1121,25.709
1122,25.021
1123,23.666
1124,25.315
1125,23.198
1126,23.038
1127,24.750
1128,23.029
1129,23.607
1130,38.893
1131,19.612
1132,20.236
1133,26.661
1134,34.058
1135,25.278
1136,23.239
1137,23.901
1138,24.860
1139,23.280
1140,23.345
1141,24.177
1142,22.983
1143,22.904
1144,24.190
1145,23.689
1146,23.391
1147,24.920
1148,23.400
1149,23.529
1150,24.520
1151,108.376
1152,50.297
1153,40.627
1154,22.224
1155,20.834
1156,20.613
1157,20.834
1158,20.806
1159,20.480
1160,29.154
1161,20.998
1162,20.953
1163,20.429
1164,19.355
1165,34.761
1166,19.703
1167,20.576
1168,21.132
1169,19.148
1170,32.714
1171,44.996
1172,40.326
1173,42.278
1174,40.202
1175,40.377
1176,37.920
1177,36.258
1178,19.529
1179,20.163
1180,20.512
1181,19.212
1182,22.014
1183,26.762
1184,47.057
1185,22.849
1186,36.276
1187,55.727
1188,46.075
1189,39.999
1190,36.152
1191,39.164
1192,39.311
1193,20.701
1194,19.993
1195,20.204
1196,19.905
1197,21.857
1198,19.883
1199,19.745
1200,19.630
1201,17.872
1202,23.924
1203,23.643
1204,23.088
1205,23.744
1206,23.703
1207,22.845
1208,23.579
1209,23.676
1210,32.842
1211,22.826
1212,20.104
1213,19.755
1214,19.648
1215,19.741
1216,19.667
1217,19.658
1218,19.718
1219,19.731
1220,19.699
1221,19.631
1222,19.722
1223,19.731
1224,19.640
1225,19.681
1226,18.666
1227,7.163
1228,39.684
1229,24.994
1230,24.305
1231,37.107
1232,34.706
1233,21.981
1234,20.108
1235,19.502
1236,19.575
1237,19.511
1238,19.709
1239,19.855
1240,19.465
1241,19.438
1242,19.841
1243,26.343
1244,19.768
1245,19.768
1246,19.410
1247,19.506
1248,19.851
1249,19.654
1250,20.012
1251,21.196
1252,20.857
1253,19.929
1254,30.779
1255,26.110
1256,23.979
1257,23.465
1258,23.299
1259,25.306
1260,23.377
1261,22.285
1262,23.239
1263,22.895
1264,22.367
1265,23.125
1266,22.684
1267,22.317
1268,23.267
1269,22.748
1270,22.169
1271,22.991
1272,22.587
1273,22.133
1274,23.065
1275,27.804
1276,19.965
1277,19.612
1278,19.942
1279,19.576
1280,19.506
1281,19.616
1282,16.857
1283,19.576
1284,19.442
1285,19.534
1286,16.861
1287,20.558
1288,21.384
1289,22.812
1290,19.410
1291,19.607
1292,16.912
1293,19.672
1294,19.575
1295,16.962
1296,19.561
1297,19.718
1298,30.858
1299,38.742
1300,41.786
1301,28.286
1302,24.405
1303,23.157
1304,23.065
1305,24.190
1306,23.111
1307,23.630
1308,24.079
1309,23.313
1310,23.157
1311,24.209
1312,23.015
1313,23.800
1314,25.697
1315,15.713
1316,23.212
1317,24.346
1318,23.479
1319,23.501
1320,24.824
1321,23.460
1322,23.488
1323,24.094
1324,23.308
1325,27.206
1326,24.314
1327,23.387
1328,23.676
1329,24.346
1330,23.326
1331,23.625
1332,24.548
1333,23.419
1334,23.611
1335,24.121
1336,23.317
1337,23.970
1338,23.506
1339,23.575
1340,23.221
1341,24.410
1342,23.216
1343,23.919
1344,26.472
1345,34.857
1346,41.839
1347,34.087
1348,32.533
1349,47.448
1350,29.090
1351,24.713
1352,24.595
1353,24.108
1354,23.773
1355,24.387
1356,23.630
1357,23.992
1358,24.846
1359,24.038
1360,23.735
1361,23.878
1362,23.680
1363,23.308
1364,24.098
1365,23.299
1366,25.503
1367,20.296
1368,19.732
1369,19.727
1370,19.915
1371,48.807
1372,41.107
1373,39.572
1374,34.444
1375,1.681
1376,28.677
1377,48.389
1378,46.319
1379,43.700
1380,33.406
1381,20.439
1382,19.267
1383,20.039
1384,20.476
1385,19.502
1386,7.971
1387,22.073
1388,20.090
1389,19.814
1390,19.552
1391,19.543
1392,26.803
1393,40.433
1394,41.924
1395,26.459
1396,27.845
1397,35.463
1398,42.075
1399,37.776
1400,39.138
1401,20.535
1402,19.951
1403,19.887
1404,19.741
1405,19.800
1406,20.029
1407,27.767
1408,24.011
1409,22.354
1410,25.393
1411,24.452
1412,23.056
1413,26.036
1414,24.351
1415,23.001
1416,25.733
1417,23.905
1418,23.134
1419,25.329
1420,24.387
1421,23.028
1422,25.489
1423,24.255
1424,23.000
1425,25.581
1426,23.846
1427,23.070
1428,25.425
1429,28.896
1430,19.782
1431,19.612
1432,19.598
1433,62.823
1434,47.186
1435,42.650
1436,43.614
1437,44.620
1438,41.772
1439,37.630
1440,20.416
1441,19.961
1442,19.860
1443,19.878
1444,19.864
1445,43.316
1446,33.419
1447,26.986
1448,19.929
1449,20.355
1450,18.822
1451,19.956
1452,20.434
1453,24.079
1454,34.401
1455,31.027
1456,20.094
1457,17.302
1458,20.012
1459,20.044
1460,19.635
1461,19.718
1462,20.136
1463,17.023
1464,19.579
1465,20.163
1466,17.518
1467,19.616
1468,18.762
1469,17.160
1470,19.786
1471,40.470
1472,39.732
1473,28.056
1474,26.468
1475,28.430
1476,28.197
1477,27.319
1478,29.979
1479,25.439
1480,24.364
1481,32.386
1482,37.999
1483,23.341
1484,2.820
1485,19.282
1486,20.273
1487,20.640
1488,21.311
1489,20.314
1490,22.899
1491,36.846
1492,21.109
1493,25.576
1494,24.672
1495,25.990
1496,25.265
1497,23.992
1498,26.137
1499,25.279
1500,23.363
1501,23.882
1502,25.549
1503,25.816
1504,25.866
1505,25.733
1506,24.122
1507,25.880
1508,39.554
1509,20.902
1510,20.617
1511,19.883
1512,20.388
1513,29.300
1514,28.029
1515,21.302
1516,19.598
1517,20.852
1518,18.813
1519,19.851
1520,20.508
1521,37.070
1522,20.650
1523,19.020
1524,19.947
1525,21.081
1526,19.837
1527,19.093
1528,21.261
1529,29.131
1530,19.332
1531,28.601
1532,22.835
1533,19.988
1534,19.841
1535,43.840
1536,44.307
1537,21.035
1538,37.667
1539,33.920
1540,31.675
1541,41.097
1542,20.902
1543,30.003
1544,20.416
1545,20.291
1546,20.498
1547,25.328
1548,22.872
1549,20.099
1550,20.425
1551,20.617
1552,20.654
1553,20.003
1554,19.896
1555,20.512
1556,19.924
1557,20.346
1558,20.314
1559,20.471
1560,18.785
1561,29.218
1562,26.720
1563,25.085
1564,27.326
1565,26.991
1566,28.314
1567,27.707
1568,27.037
1569,26.770
1570,28.405
1571,27.391
1572,27.593
1573,27.454
1574,27.014
1575,27.119
1576,27.584
1577,27.763
1578,27.510
1579,26.697
1580,27.547
1581,24.860
1582,28.571
1583,28.121
1584,28.088
1585,28.153
1586,26.110
1587,25.480
1588,27.887
1589,25.733
1590,26.022
1591,27.703
1592,26.845
1593,27.919
1594,27.258
1595,28.428
1596,28.561
1597,27.335
1598,27.602
1599,27.345
1600,35.211
1601,21.513
1602,19.153
1603,33.728
1604,38.361
1605,64.174
1606,50.641
1607,49.831
1608,39.127
1609,34.115
1610,46.236
1611,29.779
1612,30.765
1613,20.825
1614,21.118
1615,20.860
1616,29.398
1617,26.721
1618,34.572
1619,45.395
1620,47.590
1621,19.855
1622,28.503
1623,39.904
1624,22.445
1625,20.567
1626,20.553
1627,20.567
1628,20.443
1629,21.209
1630,20.540
1631,20.815
1632,54.873
1633,51.471
1634,37.920
1635,32.111
1636,38.471
1637,34.986
1638,48.440
1639,44.565
1640,29.834
1641,25.200
1642,22.900
1643,39.109
1644,23.938
1645,40.124
1646,37.828
1647,38.494
1648,21.802
1649,19.608
1650,20.530
1651,26.550
1652,23.469
1653,24.847
1654,26.132
1655,25.049
1656,25.494
1657,26.587
1658,29.236
1659,28.332
1660,27.465
1661,28.800
1662,27.358
1663,27.850
1664,28.663
1665,28.319
1666,27.570
1667,28.373
1668,28.180
1669,26.711
1670,24.268
1671,33.144
1672,27.781
1673,20.526
1674,20.907
1675,29.392
1676,19.960
1677,20.783
1678,19.198
1679,20.530
1680,0.735
1681,2.388
1682,20.691
1683,19.584
1684,20.062
1685,21.384
1686,29.976
1687,20.053
1688,20.934
1689,28.543
1690,19.782
1691,21.398
1692,52.609
1693,46.383
1694,40.257
1695,27.721
1696,28.241
1697,27.910
1698,25.687
1699,24.847
1700,27.377
1701,25.191
1702,24.052
1703,27.078
1704,43.709
1705,58.030
1706,46.359
1707,45.822
1708,44.160
1709,40.059
1710,29.930
1711,32.152
1712,31.780
1713,40.179
1714,22.714
1715,31.951
1716,38.402
1717,21.701
1718,20.595
1719,20.677
1720,21.532
1721,20.291
1722,20.590
1723,21.477
1724,19.809
1725,21.044
1726,18.703
1727,69.039
1728,43.715
1729,22.211
1730,41.038
1731,21.986
1732,19.731
1733,19.713
1734,20.663
1735,19.020
1736,19.552
1737,20.773
1738,18.901
1739,19.860
1740,20.939
1741,18.983
1742,20.309
1743,21.229
1744,19.010
1745,20.375
1746,20.416
1747,21.352
1748,20.016
1749,20.007
1750,18.932
1751,19.980
1752,23.888
1753,39.779
1754,20.471
1755,31.133
1756,26.633
1757,24.241
1758,24.736
1759,27.216
1760,24.061
1761,24.099
1762,22.991
1763,47.623
1764,37.925
1765,27.455
1766,23.258
1767,23.446
1768,25.154
1769,23.409
1770,23.350
1771,24.976
1772,23.143
1773,23.084
1774,25.122
1775,23.098
1776,22.991
1777,25.021
1778,23.184
1779,23.547
1780,24.378
1781,23.414
1782,23.575
1783,24.594
1784,23.078
1785,23.405
1786,30.164
1787,24.259
1788,23.396
1789,24.503
1790,23.534
1791,23.570
1792,29.149
1793,24.484
1794,23.841
1795,25.026
1796,23.327
1797,23.341
1798,36.987
1799,28.079
1800,20.149
1801,32.078
1802,46.447
1803,41.419
1804,43.467
1805,40.758
1806,43.159
1807,40.629
1808,42.957
1809,41.355
1810,43.871
1811,42.461
1812,27.694
1813,24.245
1814,23.666
1815,27.598
1816,26.863
1817,25.205
1818,28.809
1819,27.299
1820,28.148
1821,25.586
1822,24.282
1823,28.883
1824,26.058
1825,24.332
1826,29.861
1827,29.654
1828,41.336
1829,41.708
1830,43.394
1831,36.459
1832,46.342
1833,21.348
1834,23.657
1835,20.695
1836,20.595
1837,20.797
1838,20.300
1839,20.370
1840,21.623
1841,21.434
1842,21.545
1843,21.596
1844,18.441
1845,20.934
1846,20.760
1847,20.962
1848,53.614
1849,38.347
1850,38.251
1851,27.000
1852,43.008
1853,22.179
1854,21.137
1855,20.457
1856,29.191
1857,21.206
1858,20.631
1859,20.875
1860,21.040
1861,20.668
1862,21.389
1863,20.783
1864,20.030
1865,39.444
1866,21.040
1867,21.086
1868,20.337
1869,20.131
1870,38.664
1871,20.875
1872,38.462
1873,18.946
1874,28.415
1875,29.301
1876,26.973
1877,24.989
1878,28.961
1879,27.630
1880,29.627
1881,41.575
1882,24.530
1883,42.301
1884,23.469
1885,41.780
1886,28.506
1887,24.186
1888,28.107
1889,25.044
1890,28.548
1891,24.617
1892,28.227
1893,24.962
1894,27.253
1895,26.390
1896,31.165
1897,23.675
1898,27.055
1899,24.865
1900,26.472
1901,25.035
1902,24.364
1903,26.628
1904,22.349
1905,82.429
1906,38.472
1907,48.126
1908,32.622
1909,35.807
1910,32.395
1911,27.983
1912,32.334
1913,24.608
1914,24.994
1915,23.883
1916,24.383
1917,22.661
1918,23.800
1919,26.078
1920,24.558
1921,23.552
1922,25.949
1923,24.718
1924,23.740
1925,26.119
1926,24.521
1927,23.616
1928,26.220
1929,24.415
1930,23.442
1931,25.912
1932,24.741
1933,23.460
1934,26.045
1935,24.691
1936,23.460
1937,25.898
1938,24.773
1939,23.602
1940,25.939
1941,51.792
1942,42.508
1943,30.279
1944,25.554
1945,27.151
1946,25.035
1947,24.341
1948,22.812
1949,24.126
1950,23.644
1951,22.500
1952,24.254
1953,23.680
1954,47.579
1955,35.722
1956,85.965
1957,43.926
1958,37.722
1959,28.534
1960,25.361
1961,25.081
1962,22.936
1963,22.582
1964,23.203
1965,22.642
1966,22.243
1967,23.340
1968,22.991
1969,22.257
1970,24.108
1971,22.657
1972,21.756
1973,23.102
1974,33.051
1975,45.929
1976,44.315
1977,23.189
1978,19.543
1979,39.671
1980,42.634
1981,20.314
1982,51.434
1983,36.443
1984,43.516
1985,41.053
1986,38.020
1987,20.227
1988,34.587
1989,30.389
1990,33.059
1991,22.188
1992,37.309
1993,37.112
1994,30.579
1995,27.451
1996,33.703
1997,32.944
1998,28.456
1999,38.678
2000,19.286
2001,19.832
2002,27.464
2003,36.430
2004,33.054
2005,39.322
2006,37.257
2007,40.721
2008,20.517
2009,39.885
2010,32.759
2011,30.228
2012,28.195
2013,29.558
2014,31.137
2015,26.564
2016,29.989
2017,23.561
2018,27.657
2019,36.349
2020,20.902
2021,30.660
2022,28.121
2023,25.196
2024,23.391
2025,28.488
2026,26.013
2027,23.791
2028,27.207
2029,28.736
2030,27.322
2031,27.786
2032,26.821
2033,25.182
2034,24.433
2035,27.028
2036,24.668
2037,27.689
2038,23.924
2039,24.865
2040,28.162
2041,25.852
2042,25.880
2043,1.290
2044,2.608
2045,15.989
2046,24.057
2047,35.624
2048,21.467
2049,19.883
2050,19.323
2051,20.369
2052,19.185
2053,19.874
2054,20.232
2055,19.456
2056,19.369
2057,25.457
2058,20.792
2059,19.768
2060,19.864
2061,18.721
2062,19.244
2063,20.489
2064,19.741
2065,23.721
2066,35.972
2067,32.461
2068,34.839
2069,24.084
2070,49.931
2071,36.585
2072,21.881
2073,21.380
2074,20.650
2075,21.256
2076,38.810
2077,24.805
2078,23.336
2079,20.760
2080,20.902
2081,38.131
2082,21.311
2083,50.414
2084,44.188
2085,22.027
2086,31.628
2087,20.663
2088,20.416
2089,20.370
2090,20.797
2091,20.989
2092,20.154
2093,19.722
2094,20.751
2095,28.672
2096,20.416
2097,20.287
2098,20.508
2099,43.150
2100,21.187
2101,20.480
2102,46.639
2103,49.261
2104,41.483
2105,36.400
2106,20.071
2107,32.795
2108,23.763
2109,19.663
2110,20.117
2111,39.155
2112,20.802
2113,34.907
2114,41.423
2115,41.143
2116,38.852
2117,33.957
2118,67.046
2119,258.229
2120,229.911
2121,183.290
2122,36.974
2123,20.677
2124,19.125
2125,19.993
2126,20.723
2127,29.213
2128,19.851
2129,20.562
2130,18.979
2131,19.869
2132,20.585
2133,21.311
2134,20.200
2135,20.622
2136,19.566
2137,20.039
2138,29.705
2139,23.799
2140,26.399
2141,27.018
2142,23.721
2143,23.974
2144,24.907
2145,26.119
2146,23.662
2147,24.488
2148,23.051
2149,23.492
2150,24.929
2151,23.052
2152,23.221
2153,25.127
2154,25.751
2155,43.453
2156,31.119
2157,22.532
2158,23.308
2159,34.612
2160,38.468
2161,25.503
2162,33.169
2163,31.213
2164,30.137
2165,33.992
2166,34.111
2167,31.440
2168,29.682
2169,30.389
2170,26.238
2171,28.130
2172,24.709
2173,26.840
2174,28.006
2175,27.836
2176,26.114
2177,23.905
2178,26.146
2179,25.251
2180,23.611
2181,26.316
2182,39.373
2183,54.191
2184,31.578
2185,32.644
2186,27.474
2187,26.381
2188,22.675
2189,22.270
2190,22.372
2191,23.648
2192,23.194
2193,23.423
2194,23.488
2195,22.886
2196,23.662
2197,23.216
2198,23.442
2199,23.561
2200,23.860
2201,22.991
2202,23.363
2203,23.799
2204,22.826
2205,23.511
2206,23.754
2207,23.010
2208,23.130
2209,22.671
2210,23.010
2211,23.524
2212,22.794
2213,23.207
2214,23.226
2215,23.671
2216,20.351
2217,26.206
2218,23.267
2219,23.726
2220,23.938
2221,23.446
2222,23.125
2223,30.238
2224,23.625
2225,22.978
2226,41.446
2227,36.322
2228,21.260
2229,20.186
2230,19.988
2231,18.639
2232,19.787
2233,20.370
2234,36.515
2235,22.648
2236,34.779
2237,20.746
2238,26.468
2239,19.355
2240,20.057
2241,18.354
2242,19.887
2243,20.375
2244,20.696
2245,36.047
2246,20.549
2247,18.992
2248,19.796
2249,20.407
2250,26.963
2251,19.965
2252,31.375
2253,36.544
2254,30.710
2255,31.753
2256,23.703
2257,27.680
2258,44.559
2259,26.771
2260,25.434
2261,24.503
2262,27.248
2263,25.328
2264,24.745
2265,26.918
2266,25.618
2267,25.012
2268,39.633
2269,31.509
2270,26.518
2271,29.732
2272,23.478
2273,29.250
2274,27.216
2275,20.448
2276,21.453
2277,35.706
2278,21.252
2279,35.050
2280,35.119
2281,40.955
2282,31.831
2283,36.258
2284,65.424
2285,40.961
2286,36.593
2287,37.778
2288,20.613
2289,27.997
2290,33.847
2291,23.265
2292,36.386
2293,19.617
2294,20.127
2295,20.433
2296,19.465
2297,20.108
2298,20.549
2299,19.593
2300,20.416
2301,21.090
2302,18.538
2303,17.105
2304,20.462
2305,19.593
2306,19.974
2307,20.695
2308,19.332
2309,20.044
2310,21.834
2311,37.102
2312,28.370
2313,39.158
2314,36.172
2315,40.715
2316,39.197
2317,38.512
2318,37.603
2319,41.076
2320,51.622
2321,42.914
2322,40.681
2323,33.245
2324,36.001
2325,34.867
2326,31.780
2327,33.962
2328,24.140
2329,26.459
2330,31.945
2331,27.317
2332,25.136
2333,28.584
2334,27.937
2335,26.238
2336,24.071
2337,27.836
2338,25.930
2339,24.791
2340,27.142
2341,26.146
2342,24.529
2343,26.660
2344,25.595
2345,24.222
2346,26.973
2347,27.598
2348,31.436
2349,35.078
2350,29.581
2351,33.114
2352,28.996
2353,30.570
2354,29.834
2355,27.904
2356,29.762
2357,27.858
2358,29.953
2359,29.953
2360,29.585
2361,32.257
2362,30.735
2363,29.572
2364,28.704
2365,29.925
2366,26.101
2367,25.471
2368,25.008
2369,27.055
2370,25.122
2371,24.718
2372,26.546
2373,25.338
2374,24.934
2375,26.826
2376,25.108
2377,24.810
2378,27.464
2379,27.244
2380,31.932
2381,19.093
2382,25.742
2383,27.009
2384,25.049
2385,25.384
2386,28.172
2387,25.875
2388,25.462
2389,27.960
2390,25.990
2391,13.936
2392,17.311
2393,26.945
2394,25.292
2395,36.653
2396,45.864
2397,26.812
2398,25.797
2399,30.637
2400,32.070
2401,28.625
2402,24.447
2403,25.567
2404,24.695
2405,24.649
2406,24.378
2407,25.724
2408,23.983
2409,24.144
2410,25.030
2411,24.874
2412,24.337
2413,25.503
2414,23.735
2415,23.767
2416,25.444
2417,24.497
2418,30.802
2419,24.723
2420,24.157
2421,24.103
2422,25.627
2423,23.814
2424,23.722
2425,26.032
2426,23.992
2427,24.002
2428,25.600
2429,24.529
2430,24.419
2431,25.530
2432,24.374
2433,23.680
2434,25.549
2435,23.534
2436,23.552
2437,26.183
2438,25.765
2439,25.269
2440,40.138
2441,39.484
2442,37.228
2443,38.291
2444,36.726
2445,25.209
2446,35.309
2447,35.307
2448,30.810
2449,23.850
2450,28.438
2451,28.939
2452,30.872
2453,18.744
2454,25.067
2455,26.247
2456,26.918
2457,24.911
2458,26.655
2459,24.571
2460,25.692
2461,24.493
2462,23.326
2463,25.985
2464,30.187
2465,38.222
2466,29.925
2467,28.185
2468,30.187
2469,30.206
2470,31.248
2471,32.478
2472,33.358
2473,32.480
2474,32.008
2475,32.242
2476,31.574
2477,28.318
2478,31.096
2479,29.562
2480,31.000
2481,26.826
2482,29.544
2483,26.218
2484,30.279
2485,30.559
2486,28.768
2487,26.233
2488,29.081
2489,30.860
2490,38.383
2491,33.264
2492,30.306
2493,26.270
2494,32.125
2495,25.526
2496,27.698
2497,24.929
2498,19.116
2499,26.155
2500,26.733
2501,26.656
2502,25.747
2503,27.423
2504,34.382
2505,31.965
2506,96.475
2507,62.130
2508,44.404
2509,38.020
2510,46.731
2511,24.939
2512,40.900
2513,39.107
2514,42.197
2515,37.800
2516,50.798
2517,29.747
2518,39.767
2519,36.831
2520,35.045
2521,31.583
2522,35.837
2523,39.105
2524,34.526
2525,32.983
2526,46.011
2527,43.370
2528,37.392
2529,32.832
2530,30.665
2531,28.240
2532,28.814
2533,28.912
2534,39.471
2535,27.138
2536,24.176
2537,24.099
2538,24.567
2539,26.357
2540,25.379
2541,42.173
2542,36.221
2543,34.278
2544,27.267
2545,34.719
2546,42.388
2547,35.249
2548,28.201
2549,31.602
2550,25.843
2551,28.919
2552,24.488
2553,26.646
2554,24.084
2555,27.483
2556,27.441
2557,25.297
2558,24.140
2559,26.995
2560,25.026
2561,23.947
2562,26.605
2563,25.136
2564,24.190
2565,26.756
2566,25.150
2567,24.029
2568,27.032
2569,24.994
2570,24.365
2571,27.161
2572,25.407
2573,24.471
2574,26.706
2575,25.288
2576,23.970
2577,26.702
2578,25.412
2579,24.015
2580,26.619
2581,25.117
2582,24.157
2583,26.605
2584,24.948
2585,24.034
2586,26.674
2587,25.117
2588,24.167
2589,29.314
2590,25.159
2591,24.314
2592,26.927
2593,24.125
2594,29.287
2595,36.754
2596,33.590
2597,28.362
2598,25.707
2599,27.575
2600,26.500
2601,25.241
2602,24.649
2603,26.702
2604,25.127
2605,23.919
2606,25.770
2607,27.046
2608,24.057
2609,24.622
2610,23.125
2611,27.085
2612,35.011
2613,29.824
2614,27.023
2615,25.182
2616,28.819
2617,25.182
2618,23.818
2619,26.242
2620,24.608
2621,23.768
2622,26.032
2623,24.723
2624,23.740
2625,24.011
2626,26.963
2627,23.744
2628,26.210
2629,25.632
2630,23.850
2631,26.082
2632,24.603
2633,23.547
2634,27.248
2635,25.058
2636,23.744
2637,24.015
2638,26.807
2639,24.006
2640,26.252
2641,25.237
2642,23.666
2643,24.135
2644,24.948
2645,23.901
2646,26.174
2647,24.944
2648,23.598
2649,26.417
2650,22.647
2651,24.154
2652,24.300
2653,22.495
2654,22.767
2655,24.098
2656,29.802
2657,30.242
2658,27.459
2659,33.828
2660,20.989
2661,23.543
2662,20.168
2663,20.029
2664,19.819
2665,19.782
2666,19.961
2667,19.974
2668,19.599
2669,19.658
2670,19.805
2671,19.855
2672,19.929
2673,19.686
2674,19.631
2675,18.248
2676,35.312
2677,22.092
2678,19.470
2679,19.479
2680,19.906
2681,20.181
2682,19.764
2683,19.713
2684,33.831
2685,25.349
2686,28.318
2687,24.663
2688,27.684
2689,26.991
2690,37.093
2691,110.651
2692,38.370
2693,31.698
2694,28.235
2695,35.137
2696,21.591
2697,19.718
2698,25.921
2699,29.347
2700,25.003
2701,27.758
2702,22.985
2703,37.431
2704,36.179
2705,41.134
2706,28.157
2707,18.974
2708,39.377
2709,48.349
2710,36.482
2711,37.241
2712,35.219
2713,25.843
2714,34.262
2715,43.742
2716,21.348
2717,36.974
2718,19.676
2719,19.658
2720,20.737
2721,19.428
2722,20.278
2723,20.654
2724,19.198
2725,20.489
2726,20.572
2727,19.125
2728,20.273
2729,20.793
2730,19.975
2731,21.645
2732,40.419
2733,33.893
2734,20.608
2735,27.863
2736,19.497
2737,20.471
2738,19.130
2739,19.805
2740,20.388
2741,26.037
2742,30.311
2743,31.344
2744,28.947
2745,28.741
2746,23.643
2747,28.066
2748,34.839
2749,28.116
2750,28.038
2751,32.666
2752,26.358
2753,25.186
2754,23.850
2755,28.166
2756,27.422
2757,25.503
2758,24.668
2759,27.345
2760,26.311
2761,33.093
2762,27.285
2763,19.837
2764,20.622
2765,19.162
2766,19.608
2767,20.314
2768,18.813
2769,20.149
2770,20.401
2771,27.009
2772,19.873
2773,20.379
2774,49.159
2775,48.858
2776,44.045
2777,46.093
2778,44.261
2779,53.702
2780,37.837
2781,20.375
2782,38.016
2783,20.259
2784,19.979
2785,19.878
2786,19.722
2787,19.883
2788,19.631
2789,19.713
2790,40.417
2791,28.538
2792,20.392
2793,20.245
2794,19.731
2795,19.741
2796,20.126
2797,19.667
2798,20.016
2799,19.828
2800,19.713
2801,19.635
2802,19.878
2803,34.310
2804,35.927
2805,20.747
2806,19.240
2807,19.980
2808,20.595
2809,18.904
2810,20.052
2811,20.549
2812,18.813
2813,19.819
2814,21.421
2815,28.718
2816,20.020
2817,20.443
2818,18.840
2819,23.511
2820,20.654
2821,22.262
2822,19.823
2823,20.232
2824,19.323
2825,19.805
2826,20.406
2827,34.060
2828,37.355
2829,46.791
2830,23.042
2831,35.977
2832,20.149
2833,18.630
2834,19.832
2835,20.365
2836,21.523
2837,19.479
2838,23.685
2839,33.916
2840,20.300
2841,24.493
2842,32.832
2843,19.924
2844,23.947
2845,32.822
2846,19.901
2847,24.681
2848,33.475
2849,18.616
2850,38.903
2851,42.507
2852,27.570
2853,25.554
2854,31.123
2855,25.430
2856,23.566
2857,26.413
2858,24.433
2859,23.198
2860,26.514
2861,24.810
2862,23.814
2863,25.710
2864,24.245
2865,23.730
2866,51.291
2867,31.787
2868,31.733
2869,47.278
2870,28.977
2871,29.346
2872,27.064
2873,26.422
2874,27.919
2875,26.578
2876,26.633
2877,29.122
2878,29.753
2879,28.055
2880,24.539
2881,32.969
2882,28.020
2883,26.523
2884,26.009
2885,27.905
2886,26.505
2887,26.399
2888,28.084
2889,24.590
2890,24.080
2891,27.850
2892,26.655
2893,27.859
2894,25.632
2895,24.534
2896,28.015
2897,27.116
2898,26.004
2899,38.371
2900,35.193
2901,29.140
2902,28.567
2903,30.573
2904,28.326
2905,30.151
2906,26.073
2907,25.683
2908,28.011
2909,26.096
2910,28.334
2911,26.727
2912,32.602
2913,26.895
2914,25.311
2915,27.422
2916,32.639
2917,33.002
2918,24.852
2919,26.614
2920,26.808
2921,26.068
2922,25.049
2923,27.836
2924,26.293
2925,25.925
2926,26.720
2927,30.044
2928,38.881
2929,28.860
2930,29.223
2931,27.657
2932,27.381
2933,27.258
2934,30.393
2935,28.185
2936,28.683
2937,28.571
2938,28.195
2939,26.665
2940,26.523
2941,27.924
2942,26.692
2943,26.114
2944,23.662
2945,27.381
2946,26.018
2947,23.860
2948,27.753
2949,53.831
2950,59.020
2951,31.413
2952,28.002
2953,27.528
2954,27.102
2955,26.582
2956,25.779
2957,86.316
2958,94.731
2959,35.794
2960,55.764
2961,24.043
2962,10.611
2963,28.176
2964,56.850
2965,40.286
2966,37.993
2967,38.623
2968,35.030
2969,39.217
2970,33.388
2971,30.724
2972,21.336
2973,34.611
2974,31.303
2975,29.021
2976,28.561
2977,33.645
2978,35.444
2979,405.032
2980,230.290
2981,145.877
2982,49.624
2983,30.710
2984,30.572
2985,12.595
2986,26.015
2987,5.997
2988,24.445
2989,19.299
2990,37.673
2991,33.764
2992,41.929
2993,38.260
2994,31.189
2995,36.078
2996,31.978
2997,33.291
2998,66.784
2999,28.874
3000,51.732
3001,35.468
3002,25.613
3003,31.698
3004,33.672
3005,30.820
3006,29.365
3007,30.320
3008,39.192
3009,30.720
3010,28.479
3011,43.449
3012,28.226
3013,29.384
3014,4.904
3015,18.225
3016,15.103
3017,26.146
3018,25.149
3019,25.375
3020,36.538
3021,30.380
3022,25.843
3023,25.448
3024,25.788
3025,27.739
3026,18.680
3027,27.455
3028,30.863
3029,16.237
3030,46.080
3031,25.990
3032,24.512
3033,28.727
3034,24.296
3035,24.480
3036,25.930
3037,31.666
3038,24.856
3039,41.736
3040,25.154
3041,24.108
3042,24.052
3043,27.581
3044,30.945
3045,27.041
3046,26.252
3047,24.015
3048,27.285
3049,29.017
3050,27.049
3051,44.882
3052,27.078
3053,20.852
3054,21.008
3055,20.572
3056,20.613
3057,38.879
3058,50.502
3059,22.845
3060,20.149
3061,19.906
3062,19.924
3063,19.764
3064,19.552
3065,19.723
3066,19.764
3067,19.755
3068,19.451
3069,19.819
3070,19.631
3071,19.796
3072,19.846
3073,19.841
3074,19.700
3075,17.009
3076,19.892
3077,19.846
3078,19.681
3079,26.050
3080,38.462
3081,52.508
3082,36.014
3083,19.360
3084,19.832
3085,23.433
3086,35.904
3087,27.166
3088,37.722
3089,19.152
3090,19.809
3091,19.800
3092,19.419
3093,19.869
3094,20.585
3095,19.273
3096,19.690
3097,20.259
3098,30.853
3099,39.729
3100,19.052
3101,19.235
3102,20.604
3103,18.849
3104,20.562
3105,20.526
3106,36.648
3107,19.451
3108,34.039
3109,34.852
3110,27.730
3111,17.261
3112,33.498
3113,26.160
3114,25.637
3115,27.303
3116,25.494
3117,18.882
3118,26.036
3119,25.545
3120,25.783
3121,27.354
3122,30.860
3123,28.970
3124,25.393
3125,26.564
3126,26.459
3127,25.581
3128,26.817
3129,24.966
3130,28.043
3131,27.115
3132,25.017
3133,28.038
3134,30.282
3135,26.743
3136,27.032
3137,29.030
3138,32.120
3139,29.386
3140,30.970
3141,26.242
3142,28.538
3143,26.064
3144,29.189
3145,33.649
3146,30.777
3147,41.660
3148,33.615
3149,34.077
3150,33.507
3151,27.312
3152,39.380
3153,32.942
3154,25.710
3155,28.745
3156,26.831
3157,27.881
3158,29.104
3159,24.309
3160,24.484
3161,29.709
3162,29.636
3163,30.430
3164,30.582
3165,32.552
3166,28.107
3167,29.567
3168,26.720
3169,27.827
3170,28.612
3171,54.008
3172,37.672
3173,43.696
3174,29.009
3175,50.359
3176,34.467
3177,27.386
3178,30.219
3179,45.473
3180,40.523
3181,36.841
3182,31.262
3183,28.552
3184,34.384
3185,30.927
3186,26.174
3187,29.530
3188,29.218
3189,31.587
3190,28.773
3191,62.298
3192,39.022
3193,40.074
3194,38.549
3195,48.527
3196,42.429
3197,39.757
3198,44.578
3199,34.591
3200,24.842
3201,26.408
3202,24.608
3203,27.694
3204,29.861
3205,27.142
3206,28.658
3207,26.279
3208,23.855
3209,32.883
3210,26.233
3211,31.506
3212,30.756
3213,42.172
3214,30.210
3215,29.058
3216,26.197
3217,24.149
3218,25.149
3219,25.067
3220,28.887
3221,32.623
3222,43.514
3223,36.864
3224,44.853
3225,49.436
3226,16.168
3227,30.710
3228,29.406
3229,25.292
3230,26.064
3231,24.535
3232,30.086
3233,29.617
3234,33.314
3235,33.222
3236,28.047
3237,30.297
3238,23.814
3239,23.685
3240,25.480
3241,24.029
3242,22.886
3243,26.454
3244,29.213
3245,26.509
3246,25.770
3247,21.991
3248,22.473
3249,23.290
3250,21.752
3251,22.046
3252,23.065
3253,22.014
3254,22.193
3255,23.387
3256,21.922
3257,22.096
3258,23.346
3259,22.055
3260,22.247
3261,23.157
3262,21.802
3263,28.244
3264,34.894
3265,27.726
3266,36.235
3267,21.380
3268,40.078
3269,22.573
3270,22.151
3271,23.162
3272,22.000
3273,22.114
3274,23.166
3275,22.032
3276,22.032
3277,23.157
3278,22.174
3279,22.041
3280,23.070
3281,21.890
3282,28.355
3283,23.924
3284,22.532
3285,21.839
3286,22.712
3287,22.523
3288,22.376
3289,30.448
3290,22.546
3291,22.482
3292,22.527
3293,23.942
3294,21.954
3295,22.570
3296,22.234
3297,21.761
3298,22.758
3299,22.602
3300,39.638
3301,39.279
3302,39.880
3303,32.263
3304,20.925
3305,19.300
3306,22.377
3307,33.787
3308,21.201
3309,22.188
3310,34.370
3311,20.485
3312,22.877
3313,33.571
3314,19.346
3315,22.918
3316,33.769
3317,19.855
3318,23.373
3319,33.539
3320,20.090
3321,23.221
3322,33.282
3323,18.983
3324,26.297
3325,25.719
3326,26.091
3327,23.695
3328,24.852
3329,25.783
3330,23.997
3331,24.507
3332,25.476
3333,24.070
3334,24.695
3335,25.145
3336,24.209
3337,24.360
3338,25.784
3339,24.061
3340,24.750
3341,25.531
3342,24.222
3343,24.567
3344,25.912
3345,23.960
3346,24.832
3347,25.834
3348,24.167
3349,25.081
3350,25.774
3351,24.024
3352,24.410
3353,25.655
3354,24.131
3355,25.067
3356,24.002
3357,25.072
3358,25.843
3359,23.479
3360,24.994
3361,26.279
3362,23.524
3363,24.227
3364,24.323
3365,25.934
3366,23.970
3367,25.549
3368,29.659
3369,24.718
3370,24.976
3371,24.190
3372,24.750
3373,24.369
3374,25.320
3375,25.049
3376,25.962
3377,24.264
3378,24.447
3379,22.863
3380,23.363
3381,24.627
3382,23.502
3383,23.753
3384,24.415
3385,22.955
3386,24.493
3387,23.524
3388,23.322
3389,23.511
3390,23.759
3391,34.251
3392,22.367
3393,23.308
3394,30.393
3395,24.480
3396,24.102
3397,24.823
3398,22.849
3399,25.797
3400,24.539
3401,23.437
3402,25.384
3403,24.989
3404,23.111
3405,24.907
3406,24.351
3407,22.822
3408,24.649
3409,24.627
3410,23.166
3411,24.833
3412,24.865
3413,23.372
3414,24.392
3415,24.924
3416,22.964
3417,25.320
3418,24.594
3419,23.363
3420,25.062
3421,24.750
3422,22.776
3423,25.567
3424,24.241
3425,23.313
3426,24.718
3427,24.121
3428,22.758
3429,24.250
3430,24.645
3431,22.817
3432,118.912
3433,57.608
3434,45.352
3435,49.413
3436,21.210
3437,22.693
3438,19.579
3439,19.764
3440,29.774
3441,34.323
3442,22.450
3443,33.719
3444,23.607
3445,19.796
3446,19.764
3447,19.649
3448,37.589
3449,60.062
3450,26.555
3451,24.507
3452,27.060
3453,23.570
3454,22.739
3455,26.155
3456,23.791
3457,22.674
3458,26.321
3459,23.791
3460,22.459
3461,26.780
3462,23.401
3463,25.311
3464,24.846
3465,23.294
3466,22.294
3467,26.436
3468,23.561
3469,22.702
3470,30.279
3471,19.878
3472,19.782
3473,19.782
3474,19.663
3475,19.529
3476,19.723
3477,16.692
3478,20.067
3479,19.759
3480,39.247
3481,22.726
3482,36.050
3483,44.789
3484,33.098
3485,42.622
3486,32.781
3487,55.185
3488,32.800
3489,36.579
3490,27.436
3491,27.946
3492,26.660
3493,28.948
3494,25.852
3495,24.723
3496,27.404
3497,26.165
3498,23.602
3499,25.774
3500,30.513
3501,25.889
3502,25.141
3503,24.084
3504,26.941
3505,24.939
3506,23.864
3507,26.683
3508,23.707
3509,24.048
3510,28.291
3511,42.547
3512,27.578
3513,47.702
3514,26.394
3515,60.453
3516,45.069
3517,36.115
3518,40.941
3519,33.126
3520,20.517
3521,19.208
3522,19.942
3523,20.250
3524,19.447
3525,19.645
3526,20.108
3527,18.933
3528,17.477
3529,22.573
3530,22.881
3531,19.997
3532,45.858
3533,43.794
3534,40.593
3535,37.837
3536,34.935
3537,19.892
3538,19.988
3539,19.819
3540,20.044
3541,20.149
3542,20.099
3543,19.709
3544,19.631
3545,44.257
3546,47.214
3547,36.956
3548,32.639
3549,19.993
3550,20.094
3551,18.891
3552,20.021
3553,19.695
3554,18.817
3555,20.273
3556,19.975
3557,18.850
3558,20.108
3559,19.800
3560,16.981
3561,20.255
3562,20.140
3563,18.785
3564,20.020
3565,19.773
3566,21.265
3567,23.805
3568,19.428
3569,18.863
3570,20.384
3571,20.236
3572,18.354
3573,17.169
3574,19.460
3575,15.860
3576,24.154
3577,22.936
3578,22.845
3579,23.221
3580,22.491
3581,22.812
3582,23.189
3583,23.511
3584,39.600
3585,19.616
3586,20.218
3587,20.323
3588,18.978
3589,19.837
3590,19.851
3591,25.699
3592,27.905
3593,28.502
3594,24.810
3595,23.671
3596,23.455
3597,17.950
3598,25.380
3599,20.430
3600,38.177
3601,36.822
3602,20.232
3603,19.878
3604,19.589
3605,19.796
3606,19.447
3607,19.575
3608,19.635
3609,19.952
3610,19.759
3611,19.819
3612,28.699
3613,55.621
3614,66.624
3615,36.772
3616,19.920
3617,19.676
3618,19.640
3619,27.584
3620,24.884
3621,23.805
3622,24.907
3623,25.292
3624,24.300
3625,25.324
3626,25.498
3627,25.049
3628,25.642
3629,68.740
3630,49.006
3631,34.099
3632,25.328
3633,24.989
3634,26.174
3635,25.352
3636,25.664
3637,25.825
3638,36.611
3639,19.424
3640,20.057
3641,21.605
3642,20.994
3643,20.595
3644,21.119
3645,21.834
3646,19.663
3647,21.393
3648,20.898
3649,20.025
3650,20.103
3651,21.922
3652,29.990
3653,53.312
3654,47.572
3655,45.804
3656,42.144
3657,35.243
3658,28.075
3659,27.703
3660,27.657
3661,28.630
3662,26.840
3663,26.748
3664,27.180
3665,27.322
3666,26.780
3667,25.462
3668,25.747
3669,45.848
3670,41.603
3671,29.535
3672,26.243
3673,24.980
3674,26.537
3675,25.026
3676,24.131
3677,26.872
3678,24.855
3679,23.805
3680,26.959
3681,25.637
3682,24.369
3683,26.055
3684,26.426
3685,25.838
3686,26.013
3687,25.843
3688,23.524
3689,26.105
3690,27.308
3691,27.758
3692,105.812
3693,47.425
3694,33.121
3695,28.819
3696,38.920
3697,24.227
3698,21.393
3699,20.893
3700,19.974
3701,40.184
3702,23.947
3703,30.026
3704,20.705
3705,20.136
3706,20.113
3707,20.530
3708,19.819
3709,20.218
3710,19.736
3711,19.961
3712,23.166
3713,20.149
3714,20.365
3715,29.273
3716,30.242
3717,29.227
3718,27.694
3719,26.096
3720,24.856
3721,27.771
3722,25.889
3723,25.182
3724,25.673
3725,25.329
3726,24.149
3727,24.223
3728,23.750
3729,24.002
3730,26.390
3731,25.237
3732,24.552
3733,26.730
3734,24.971
3735,23.823
3736,28.809
3737,19.212
3738,19.841
3739,20.994
3740,26.605
3741,20.145
3742,33.819
3743,32.245
3744,40.560
3745,46.268
3746,39.477
3747,20.090
3748,19.520
3749,41.042
3750,24.424
3751,34.650
3752,28.024
3753,19.741
3754,26.747
3755,38.379
3756,20.227
3757,19.369
3758,19.401
3759,19.221
3760,19.291
3761,19.479
3762,19.305
3763,19.438
3764,19.667
3765,19.576
3766,19.919
3767,19.511
3768,19.331
3769,19.603
3770,19.732
3771,19.580
3772,19.502
3773,19.470
3774,19.878
3775,19.245
3776,19.640
3777,19.750
3778,27.776
3779,19.823
3780,19.263
3781,19.419
3782,26.706
3783,22.872
3784,23.456
3785,23.676
3786,22.698
3787,23.483
3788,23.474
3789,22.689
3790,23.782
3791,23.818
3792,23.102
3793,23.437
3794,23.157
3795,22.647
3796,23.643
3797,23.478
3798,22.666
3799,23.391
3800,23.648
3801,22.969
3802,23.750
3803,23.698
3804,24.814
3805,50.060
3806,48.807
3807,42.218
3808,34.196
3809,24.878
3810,28.107
3811,26.450
3812,26.105
3813,25.618
3814,23.055
3815,25.145
3816,26.390
3817,23.290
3818,25.806
3819,25.521
3820,23.244
3821,30.637
3822,26.601
3823,25.076
3824,25.241
3825,22.890
3826,25.278
3827,25.660
3828,22.890
3829,36.090
3830,35.663
3831,26.110
3832,25.154
3833,23.883
3834,27.771
3835,24.415
3836,23.841
3837,27.083
3838,23.965
3839,39.297
3840,37.608
3841,40.556
3842,27.556
3843,24.406
3844,32.575
3845,19.892
3846,18.703
3847,20.113
3848,20.328
3849,18.753
3850,19.846
3851,20.401
3852,18.863
3853,19.644
3854,20.278
3855,18.823
3856,19.470
3857,20.631
3858,18.515
3859,20.016
3860,19.929
3861,18.919
3862,20.127
3863,20.172
3864,18.831
3865,19.506
3866,20.172
3867,19.263
3868,19.235
3869,20.718
3870,28.796
3871,24.930
3872,22.817
3873,23.740
3874,25.412
3875,40.307
3876,18.804
3877,19.052
3878,19.883
3879,20.746
3880,19.262
3881,19.557
3882,20.347
3883,19.566
3884,19.547
3885,20.016
3886,19.230
3887,19.686
3888,21.811
3889,40.312
3890,20.861
3891,39.959
3892,20.549
3893,19.556
3894,20.085
3895,43.261
3896,19.929
3897,21.798
3898,21.688
3899,29.567
3900,20.512
3901,20.820
3902,29.944
3903,20.934
3904,22.082
3905,38.122
3906,18.753
3907,19.754
3908,20.420
3909,22.078
3910,22.087
3911,20.200
3912,21.297
3913,19.979
3914,30.155
3915,42.268
3916,27.515
3917,30.311
3918,25.875
3919,24.985
3920,27.735
3921,24.814
3922,25.200
3923,28.369
3924,23.997
3925,24.668
3926,29.388
3927,24.108
3928,25.797
3929,28.369
3930,25.265
3931,24.994
3932,29.076
3933,24.424
3934,25.329
3935,27.161
3936,24.994
3937,26.610
3938,28.704
3939,25.948
3940,24.383
3941,27.487
3942,23.974
3943,24.447
3944,26.334
3945,24.943
3946,23.552
3947,26.904
3948,23.460
3949,23.892
3950,27.230
3951,24.268
3952,24.521
3953,26.036
3954,24.044
3955,23.901
3956,25.407
3957,23.901
3958,23.207
3959,33.581
3960,28.152
3961,20.503
3962,20.677
3963,21.058
3964,20.099
3965,20.741
3966,49.100
3967,49.763
3968,46.938
3969,42.718
3970,38.880
3971,39.508
3972,37.846
3973,95.811
3974,29.255
3975,29.393
3976,33.342
3977,35.417
3978,26.302
3979,35.334
3980,21.229
3981,19.346
3982,19.474
3983,19.511
3984,19.576
3985,58.643
3986,24.341
3987,19.447
3988,19.906
3989,51.480
3990,31.082
3991,38.618
3992,26.789
3993,24.507
3994,22.147
3995,22.322
3996,23.253
3997,23.019
3998,23.093
3999,24.558
4000,21.839
4001,23.171
4002,23.075
4003,21.798
4004,21.954
4005,24.213
4006,22.757
4007,22.238
4008,23.566
4009,22.137
4010,22.491
4011,24.218
4012,21.793
4013,22.468
4014,26.087
4015,24.213
4016,25.205
4017,23.744
4018,35.337
4019,46.870
4020,37.157
4021,32.024
4022,38.138
4023,26.651
4024,27.901
4025,40.785
4026,32.164
4027,44.289
4028,38.039
4029,19.814
4030,19.401
4031,19.267
4032,36.561
4033,35.219
4034,37.876
4035,34.236
4036,26.767
4037,41.795
4038,21.109
4039,43.412
4040,42.677
4041,37.142
4042,41.114
4043,34.898
4044,18.625
4045,19.180
4046,20.595
4047,18.202
4048,19.052
4049,19.736
4050,18.267
4051,19.116
4052,23.750
4053,26.004
4054,23.171
4055,26.375
4056,23.460
4057,23.336
4058,26.505
4059,35.693
4060,20.691
4061,18.166
4062,19.608
4063,20.296
4064,18.863
4065,18.983
4066,22.427
4067,34.779
4068,35.623
4069,26.495
4070,25.316
4071,25.214
4072,22.826
4073,26.311
4074,30.724
4075,18.639
4076,19.419
4077,19.759
4078,18.547
4079,19.221
4080,19.855
4081,18.418
4082,19.314
4083,20.388
4084,18.381
4085,22.647
4086,20.067
4087,18.607
4088,19.373
4089,19.956
4090,18.436
4091,19.286
4092,19.819
4093,18.538
4094,27.611
4095,20.301
4096,28.723
4097,43.984
4098,29.477
4099,27.212
4100,28.745
4101,28.506
4102,29.050
4103,30.474
4104,27.285
4105,27.579
4106,26.605
4107,23.616
4108,25.218
4109,22.427
4110,32.831
4111,25.573
4112,25.241
4113,28.372
4114,25.099
4115,26.460
4116,29.030
4117,28.043
4118,24.892
4119,29.369
4120,19.938
4121,19.928
4122,26.831
4123,20.736
4124,27.524
4125,19.428
4126,20.076
4127,18.748
4128,19.474
4129,19.997
4130,38.556
4131,43.955
4132,23.422
4133,33.587
4134,21.434
4135,19.566
4136,19.314
4137,19.267
4138,19.534
4139,19.383
4140,19.360
4141,19.143
4142,19.185
4143,26.785
4144,23.703
4145,23.088
4146,23.727
4147,23.400
4148,22.541
4149,23.410
4150,23.143
4151,22.799
4152,23.336
4153,23.488
4154,22.997
4155,24.057
4156,23.625
4157,22.776
4158,23.607
4159,23.437
4160,22.881
4161,23.479
4162,23.524
4163,22.629
4164,23.428
4165,23.533
4166,22.596
4167,23.703
4168,26.390
4169,24.870
4170,23.433
4171,23.107
4172,23.721
4173,23.652
4174,22.509
4175,23.763
4176,24.213
4177,24.512
4178,24.231
4179,23.850
4180,22.987
4181,23.707
4182,23.988
4183,24.135
4184,23.938
4185,24.148
4186,23.478
4187,25.017
4188,23.588
4189,23.410
4190,23.965
4191,24.319
4192,40.239
4193,27.822
4194,24.985
4195,25.017
4196,72.409
4197,21.063
4198,21.578
4199,33.401
4200,20.012
4201,26.151
4202,21.422
4203,23.327
4204,20.999
4205,21.049
4206,29.613
4207,20.337
4208,19.947
4209,21.632
4210,20.002
4211,20.848
4212,21.945
4213,42.264
4214,25.586
4215,66.243
4216,22.330
4217,19.479
4218,19.621
4219,19.782
4220,17.500
4221,19.796
4222,19.695
4223,19.948
4224,19.851
4225,20.314
4226,20.277
4227,20.512
4228,23.511
4229,21.003
4230,21.329
4231,20.471
4232,20.695
4233,127.609
4234,47.682
4235,38.094
4236,47.245
4237,46.452
4238,21.169
4239,19.974
4240,19.828
4241,22.276
4242,19.488
4243,20.255
4244,19.667
4245,19.736
4246,19.635
4247,19.713
4248,19.360
4249,19.956
4250,35.350
4251,23.456
4252,19.745
4253,19.685
4254,19.951
4255,19.828
4256,19.608
4257,19.488
4258,19.851
4259,19.924
4260,19.929
4261,19.534
4262,17.105
4263,19.415
4264,19.626
4265,19.552
4266,19.736
4267,19.538
4268,19.681
4269,19.433
4270,19.153
4271,19.221
4272,19.341
4273,44.666
4274,32.456
4275,37.714
4276,51.819
4277,34.550
4278,30.375
4279,33.089
4280,37.943
4281,31.335
4282,30.830
4283,33.139
4284,30.623
4285,38.627
4286,40.312
4287,28.295
4288,28.745
4289,33.800
4290,32.795
4291,49.027
4292,34.219
4293,36.203
4294,27.707
4295,33.415
4296,31.560
4297,29.108
4298,30.619
4299,28.483
4300,28.502
4301,27.037
4302,26.913
4303,27.474
4304,27.285
4305,29.294
4306,28.309
4307,25.867
4308,24.704
4309,24.052
4310,24.640
4311,24.282
4312,24.011
4313,24.668
4314,23.938
4315,25.709
4316,24.860
4317,24.222
4318,27.244
4319,22.835
4320,23.639
4321,23.611
4322,62.932
4323,23.349
4324,23.336
4325,24.227
4326,25.503
4327,24.723
4328,24.332
4329,25.380
4330,24.750
4331,24.231
4332,25.012
4333,24.745
4334,24.245
4335,25.357
4336,24.796
4337,24.148
4338,25.090
4339,24.488
4340,24.319
4341,25.444
4342,24.273
4343,24.084
4344,25.040
4345,24.503
4346,24.456
4347,29.136
4348,23.217
4349,22.812
4350,24.140
4351,25.637
4352,15.984
4353,19.511
4354,19.392
4355,19.405
4356,19.497
4357,19.355
4358,19.497
4359,19.309
4360,19.672
4361,19.860
4362,25.958
4363,47.737
4364,40.812
4365,52.572
4366,1.230
4367,29.654
4368,37.438
4369,41.563
4370,47.812
4371,43.280
4372,27.317
4373,26.355
4374,30.722
4375,27.371
4376,27.204
4377,29.213
4378,23.896
4379,22.698
4380,26.463
4381,21.472
4382,22.547
4383,26.849
4384,22.023
4385,28.369
4386,29.838
4387,18.147
4388,46.991
4389,30.858
4390,41.637
4391,51.934
4392,27.468
4393,25.136
4394,24.094
4395,28.002
4396,23.924
4397,32.368
4398,28.911
4399,29.213
4400,25.037
4401,27.227
4402,25.590
4403,24.663
4404,24.691
4405,25.439
4406,24.567
4407,24.309
4408,27.575
4409,28.663
4410,28.415
4411,25.522
4412,22.936
4413,24.204
4414,23.712
4415,25.017
4416,23.832
4417,23.483
4418,22.835
4419,24.842
4420,28.383
4421,24.916
4422,27.607
4423,24.475
4424,28.640
4425,27.413
4426,28.456
4427,26.293
4428,26.206
4429,25.925
4430,23.634
4431,24.815
4432,35.275
4433,41.727
4434,22.597
4435,21.706
4436,20.296
4437,21.756
4438,28.906
4439,29.544
4440,25.347
4441,23.593
4442,27.538
4443,26.518
4444,26.123
4445,25.654
4446,23.084
4447,24.029
4448,27.069
4449,25.288
4450,25.186
4451,29.686
4452,28.373
4453,49.344
4454,53.326
4455,40.739
4456,20.792
4457,23.189
4458,20.232
4459,20.902
4460,20.700
4461,20.930
4462,19.984
4463,23.230
4464,20.576
4465,20.126
4466,20.370
4467,19.837
4468,23.451
4469,22.046
4470,38.774
4471,47.058
4472,49.060
4473,30.701
4474,27.005
4475,27.372
4476,36.602
4477,20.828
4478,18.684
4479,20.223
4480,20.540
4481,18.946
4482,20.035
4483,20.255
4484,19.451
4485,19.777
4486,20.677
4487,18.730
4488,19.401
4489,20.287
4490,18.322
4491,19.576
4492,19.971
4493,18.762
4494,19.314
4495,20.026
4496,55.658
4497,37.011
4498,31.055
4499,36.671
4500,27.928
4501,28.942
4502,36.891
4503,20.976
4504,19.120
4505,19.993
4506,26.039
4507,22.000
4508,40.657
4509,0.789
4510,4.978
4511,21.151
4512,34.710
4513,37.499
4514,34.921
4515,20.305
4516,19.837
4517,38.498
4518,21.407
4519,19.350
4520,30.938
4521,28.683
4522,30.610
4523,35.936
4524,29.622
4525,40.652
4526,35.224
4527,18.432
4528,19.130
4529,19.956
4530,18.234
4531,19.346
4532,19.718
4533,18.262
4534,16.994
4535,19.396
4536,19.906
4537,18.101
4538,19.034
4539,20.072
4540,17.054
4541,23.239
4542,25.095
4543,24.681
4544,22.560
4545,25.224
4546,23.547
4547,22.518
4548,24.723
4549,23.322
4550,22.468
4551,25.003
4552,23.634
4553,22.454
4554,25.118
4555,23.602
4556,22.683
4557,24.773
4558,23.529
4559,22.634
4560,24.856
4561,23.506
4562,35.165
4563,27.703
4564,28.207
4565,25.150
4566,23.860
4567,26.160
4568,24.594
4569,23.607
4570,26.064
4571,24.383
4572,23.336
4573,26.119
4574,24.686
4575,23.340
4576,25.971
4577,24.535
4578,22.344
4579,23.791
4580,22.932
4581,22.684
4582,26.137
4583,24.506
4584,23.772
4585,25.912
4586,24.268
4587,14.649
4588,27.914
4589,25.241
4590,24.438
4591,27.142
4592,38.989
4593,22.689
4594,30.237
4595,27.267
4596,22.509
4597,23.313
4598,26.909
4599,25.389
4600,24.736
4601,24.765
4602,25.209
4603,23.799
4604,26.091
4605,24.736
4606,23.561
4607,27.037
4608,24.797
4609,24.369
4610,27.207
4611,25.444
4612,24.433
4613,27.093
4614,25.260
4615,24.934
4616,27.445
4617,24.488
4618,25.292
4619,28.341
4620,26.812
4621,24.471
4622,27.533
4623,26.587
4624,27.009
4625,27.684
4626,27.055
4627,24.732
4628,28.116
4629,28.814
4630,26.619
4631,24.636
4632,27.455
4633,25.939
4634,25.044
4635,25.742
4636,27.808
4637,23.602
4638,28.924
4639,26.991
4640,25.797
4641,24.401
4642,23.878
4643,27.226
4644,24.443
4645,27.060
4646,24.745
4647,24.544
4648,26.541
4649,25.186
4650,24.613
4651,26.390
4652,24.636
4653,24.773
4654,25.756
4655,25.576
4656,23.823
4657,26.334
4658,25.834
4659,24.962
4660,27.102
4661,26.022
4662,24.020
4663,31.680
4664,27.639
4665,26.674
4666,24.024
4667,23.474
4668,47.664
4669,19.474
4670,19.690
4671,29.553
4672,41.988
4673,19.929
4674,19.419
4675,19.262
4676,19.470
4677,19.263
4678,19.139
4679,19.327
4680,20.378
4681,19.787
4682,50.608
4683,56.457
4684,65.999
4685,37.161
4686,30.003
4687,31.565
4688,35.077
4689,25.673
4690,32.795
4691,20.227
4692,18.666
4693,19.433
4694,20.163
4695,18.703
4696,23.405
4697,19.979
4698,20.420
4699,20.328
4700,19.672
4701,20.503
4702,19.052
4703,19.741
4704,18.634
4705,19.056
4706,19.703
4707,18.124
4708,33.672
4709,29.108
4710,24.521
4711,23.593
4712,31.500
4713,19.791
4714,19.589
4715,35.449
4716,36.041
4717,63.010
4718,29.253
4719,26.596
4720,23.773
4721,31.851
4722,20.912
4723,19.207
4724,19.350
4725,19.111
4726,19.130
4727,19.185
4728,19.162
4729,19.043
4730,19.075
4731,19.263
4732,19.130
4733,19.323
4734,26.656
4735,26.215
4736,23.433
4737,25.838
4738,24.452
4739,23.363
4740,25.664
4741,24.406
4742,23.358
4743,25.861
4744,24.052
4745,23.479
4746,28.056
4747,39.894
4748,26.514
4749,29.567
4750,24.465
4751,23.317
4752,25.944
4753,24.255
4754,23.235
4755,27.120
4756,24.419
4757,23.446
4758,25.861
4759,24.580
4760,23.340
4761,22.909
4762,26.413
4763,26.564
4764,25.898
4765,24.465
4766,23.226
4767,25.705
4768,24.223
4769,36.301
4770,46.658
4771,49.062
4772,47.304
4773,38.011
4774,41.626
4775,39.182
4776,36.483
4777,32.859
4778,20.659
4779,20.245
4780,19.544
4781,5.809
4782,17.656
4783,18.671
4784,19.869
4785,31.671
4786,19.529
4787,19.547
4788,20.085
4789,18.868
4790,19.515
4791,17.918
4792,18.895
4793,19.910
4794,23.873
4795,19.276
4796,20.062
4797,27.097
4798,20.466
4799,16.288
4800,26.711
4801,23.979
4802,23.042
4803,27.092
4804,23.983
4805,22.822
4806,27.501
4807,24.015
4808,23.148
4809,27.776
4810,24.070
4811,23.198
4812,27.748
4813,21.862
4814,23.015
4815,27.147
4816,24.043
4817,22.413
4818,26.959
4819,23.607
4820,22.146
4821,26.931
4822,23.896
4823,23.038
4824,48.164
4825,30.866
4826,18.570
4827,19.437
4828,19.497
4829,18.221
4830,19.401
4831,20.521
4832,20.369
4833,19.276
4834,19.644
4835,18.588
4836,19.172
4837,20.406
4838,35.614
4839,22.064
4840,30.509
4841,26.482
4842,22.899
4843,22.262
4844,16.012
4845,42.843
4846,36.087
4847,36.569
4848,19.355
4849,19.221
4850,19.424
4851,19.295
4852,19.328
4853,19.892
4854,19.143
4855,19.286
4856,19.308
4857,19.296
4858,19.226
4859,19.369
4860,19.171
4861,19.148
4862,19.281
4863,19.203
4864,19.424
4865,18.988
4866,37.617
4867,42.397
4868,19.631
4869,19.208
4870,19.382
4871,20.369
4872,18.248
4873,19.534
4874,20.003
4875,18.630
4876,19.134
4877,20.177
4878,26.771
4879,18.785
4880,20.255
4881,21.099
4882,19.272
4883,19.984
4884,19.024
4885,20.416
4886,45.781
4887,19.621
4888,20.126
4889,35.541
4890,20.268
4891,19.226
4892,19.139
4893,20.297
4894,37.148
4895,20.856
4896,18.216
4897,20.117
4898,20.016
4899,18.855
4900,19.203
4901,20.227
4902,18.422
4903,21.541
4904,19.750
4905,19.015
4906,19.249
4907,22.601
4908,19.350
4909,18.997
4910,19.644
4911,18.505
4912,19.442
4913,20.332
4914,18.519
4915,21.922
4916,18.680
4917,36.056
4918,20.057
4919,22.946
4920,20.025
4921,19.520
4922,19.148
4923,19.282
4924,19.116
4925,19.506
4926,19.318
4927,19.111
4928,19.350
4929,19.148
4930,27.496
4931,19.268
4932,19.235
4933,19.245
4934,19.373
4935,19.212
4936,19.479
4937,19.198
4938,19.447
4939,19.249
4940,18.979
4941,19.034
4942,19.066
4943,19.447
4944,19.061
4945,19.194
4946,19.479
4947,27.951
4948,26.688
4949,23.754
4950,25.935
4951,24.852
4952,23.455
4953,26.505
4954,24.493
4955,23.474
4956,25.921
4957,24.038
4958,23.910
4959,25.990
4960,24.227
4961,23.712
4962,25.715
4963,24.346
4964,23.671
4965,24.043
4966,22.560
4967,24.098
4968,24.383
4969,22.519
4970,23.313
4971,26.078
4972,24.700
4973,23.703
4974,25.825
4975,24.585
4976,23.419
4977,26.059
4978,24.406
4979,23.427
4980,25.857
4981,24.231
4982,23.405
4983,25.646
4984,22.183
4985,22.500
4986,26.450
4987,43.972
4988,32.584
4989,33.861
4990,23.055
4991,35.206
4992,19.281
4993,19.299
4994,19.819
4995,26.427
4996,19.534
4997,19.727
4998,20.498
4999,18.900
