sample_idx,frame_time_us
0,8118.130
1,8601.421
2,8323.662
3,10484.156
4,11946.338
5,10614.920
6,8943.217
7,8075.320
8,8656.951
9,8515.008
10,8739.066
11,10721.349
12,9649.582
13,9961.101
14,12674.756
15,8230.128
16,10288.997
17,9036.304
18,8811.771
19,8689.461
20,7898.831
21,8565.984
22,9023.597
23,8874.101
24,9949.155
25,8404.146
26,9077.236
27,8273.699
28,9117.682
29,7961.728
30,10917.352
31,11953.543
32,9657.737
33,8983.591
34,8254.112
35,10313.107
36,8790.442
37,8276.635
38,8043.000
39,9409.739
40,9154.900
41,9384.213
42,7902.278
43,8642.807
44,7932.844
45,9440.082
46,8274.761
47,9648.610
48,8796.062
49,8902.600
50,8477.028
51,8227.914
52,8325.556
53,7875.308
54,8218.406
55,8985.115
56,8290.490
57,8699.602
58,10371.166
59,9436.926
60,9483.512
61,8280.261
62,8588.050
63,8258.892
64,11847.114
65,9713.115
66,8941.002
67,10786.419
68,11239.593
69,8226.983
70,9241.337
71,8185.174
72,9490.290
73,8113.121
74,8753.753
75,8854.732
76,9287.477
77,9507.217
78,8217.535
79,7826.907
80,7806.739
81,8756.608
82,8953.465
83,7993.047
84,9405.677
85,8676.469
86,8895.628
87,8089.777
88,9063.289
89,8815.137
90,8805.670
91,10502.931
92,9358.891
93,11773.136
94,8987.068
95,10441.447
96,12662.137
97,7982.006
98,8104.334
99,9118.047
100,8394.364
101,9757.853
102,10843.074
103,10053.203
104,8546.347
105,9031.391
106,10116.000
107,11143.264
108,10983.987
109,8957.743
110,8354.835
111,8612.740
112,9567.364
113,8925.514
114,10269.065
115,11315.820
116,8174.234
117,9004.531
118,8750.898
119,9637.894
120,8585.730
121,9801.145
122,8758.012
123,8582.855
124,7892.920
125,8635.659
126,8234.883
127,8687.791
128,10110.048
129,11076.204
130,11704.840
131,9457.158
132,9214.331
133,7690.573
134,9190.477
135,8019.746
136,12625.244
137,9911.891
138,8570.066
139,10141.383
140,9034.927
141,10321.524
142,10249.481
143,9006.128
144,9058.596
145,8091.199
146,10844.988
147,10874.895
148,12258.901
149,10960.142
150,12055.603
151,8785.172
152,8000.300
153,8459.946
154,8165.077
155,10119.116
156,9827.262
157,9184.365
158,10109.439
159,9257.511
160,8056.574
161,9666.734
162,9087.464
163,11036.454
164,11772.335
165,9688.054
166,11946.189
167,10460.583
168,7812.430
169,8743.570
170,7881.719
171,9026.070
172,7486.423
173,7775.221
174,8512.037
175,12359.077
176,9750.125
177,7873.884
178,9602.950
179,9735.780
180,7965.996
181,8841.927
182,9107.002
183,9680.179
184,10130.536
185,7997.335
186,9333.263
187,10687.306
188,8366.733
189,8169.054
190,10816.435
191,9067.849
192,12043.151
193,13092.453
194,10017.466
195,11041.564
196,9949.331
197,7960.967
198,8435.670
199,7706.904
200,8393.212
201,8372.333
202,10478.000
203,10745.138
204,8180.115
205,9597.435
206,8135.472
207,10471.743
208,8361.833
209,11013.642
210,11660.677
211,11143.124
212,8886.981
213,8167.426
214,7831.095
215,7810.046
216,10287.044
217,10175.231
218,9713.161
219,8578.021
220,9467.327
221,9266.137
222,10832.295
223,8963.174
224,7964.823
225,8365.981
226,8281.374
227,8427.115
228,10622.434
229,9514.211
230,10664.528
231,8764.997
232,8248.552
233,8445.198
234,8411.987
235,8099.675
236,7963.041
237,8743.815
238,8985.305
239,8501.413
240,9309.238
241,8512.633
242,8325.335
243,7904.672
244,8646.774
245,7693.879
246,10910.551
247,10291.727
248,8547.920
249,10287.129
250,10452.178
251,9001.846
252,8668.495
253,7749.252
254,8209.400
255,9023.796
256,8977.951
257,8242.621
258,10132.761
259,8671.430
260,9218.288
261,7654.156
262,8148.802
263,10083.571
264,10031.587
265,9719.763
266,9586.297
267,8050.318
268,7923.326
269,7968.796
270,7420.229
271,8315.859
272,8420.628
273,8959.485
274,8065.179
275,8541.292
276,7932.097
277,7829.256
278,9467.154
279,10154.393
280,8266.321
281,8020.500
282,8190.279
283,8364.230
284,8846.617
285,7108.424
286,7524.962
287,7526.973
288,8659.827
289,9668.454
290,10677.062
291,8606.934
292,8024.467
293,9119.807
294,7658.218
295,7669.550
296,9663.828
297,7265.208
298,8904.584
299,7530.271
300,9014.419
301,8631.545
302,7460.519
303,7626.074
304,7634.129
305,8130.529
306,8908.268
307,7767.808
308,7923.821
309,7850.241
310,10488.189
311,9155.143
312,9674.377
313,8157.347
314,8527.223
315,7700.151
316,7816.509
317,9394.044
318,10593.989
319,10978.987
320,8027.114
321,8483.529
322,7541.997
323,8014.906
324,8675.000
325,7702.067
326,7325.177
327,8429.063
328,10747.693
329,8491.553
330,7433.491
331,8263.502
332,7325.003
333,11079.347
334,9410.757
335,8724.381
336,9055.106
337,8384.912
338,11675.392
339,9282.469
340,8280.271
341,8061.635
342,8941.764
343,9820.280
344,9103.322
345,10376.788
346,8286.046
347,8471.822
348,7616.854
349,9876.485
350,7351.425
351,7700.104
352,8215.707
353,9553.586
354,8664.107
355,11689.975
356,9545.324
357,8139.828
358,8678.112
359,7349.000
360,7653.809
361,7281.914
362,7705.415
363,7876.800
364,9287.254
365,7864.182
366,7252.029
367,7963.448
368,7605.778
369,7582.535
370,10424.113
371,9851.780
372,10026.374
373,13513.611
374,8709.971
375,7156.784
376,10047.261
377,9205.656
378,8379.888
379,9321.059
380,7946.909
381,8307.482
382,7928.450
383,7755.401
384,7642.505
385,7435.852
386,7567.657
387,7421.073
388,7858.306
389,8229.283
390,9575.781
391,10594.783
392,9933.398
393,8611.338
394,7731.817
395,9616.892
396,8013.345
397,8337.591
398,8246.843
399,8389.420
400,8480.464
401,8163.224
402,7492.524
403,8820.640
404,7667.557
405,8322.908
406,7541.230
407,8161.158
408,7854.799
409,8795.738
410,8077.667
411,7389.703
412,7944.862
413,8112.998
414,8638.595
415,14232.664
416,11639.352
417,8329.487
418,12726.727
419,11968.083
420,9283.717
421,8022.584
422,8173.707
423,8251.091
424,9889.643
425,8824.373
426,9706.640
427,8844.859
428,10704.645
429,10505.894
430,7590.120
431,7897.906
432,7339.920
433,7657.676
434,8881.919
435,8642.102
436,8451.935
437,8178.798
438,8242.178
439,9862.635
440,10031.268
441,7988.063
442,7398.815
443,8256.063
444,7765.604
445,8067.492
446,7784.522
447,7224.119
448,7534.861
449,8228.126
450,9471.789
451,9766.935
452,7130.133
453,7931.865
454,8257.340
455,8021.638
456,9967.551
457,10105.371
458,9557.394
459,7425.474
460,8003.445
461,9430.961
462,8757.484
463,8404.850
464,9296.495
465,8254.786
466,8460.328
467,9355.654
468,7122.291
469,7445.806
470,7420.487
471,8562.920
472,9096.552
473,8195.790
474,7946.184
475,10564.247
476,7468.316
477,10542.209
478,7791.673
479,8892.255
480,8410.020
481,8245.887
482,8025.376
483,7278.873
484,9892.767
485,9612.272
486,7321.661
487,8176.554
488,10033.397
489,10120.468
490,10713.594
491,8607.853
492,9816.468
493,8050.966
494,8081.968
495,7307.094
496,7426.529
497,7843.693
498,9079.728
499,11424.318
500,7657.933
501,7916.351
502,7382.107
503,8286.732
504,7146.886
505,7496.106
506,7218.444
507,7767.762
508,9676.526
509,12583.876
510,7815.316
511,7677.954
512,8709.282
513,8846.021
514,9429.447
515,8117.103
516,7931.995
517,9155.485
518,8487.935
519,7451.676
520,7430.121
521,9230.727
522,7117.939
523,8100.481
524,7597.293
525,10164.343
526,11866.438
527,8387.299
528,9294.068
529,8358.039
530,8521.014
531,8335.769
532,10566.517
533,8377.849
534,7827.852
535,9737.653
536,8680.914
537,7514.280
538,7769.121
539,7801.383
540,7608.008
541,9989.211
542,11593.634
543,10068.227
544,9121.876
545,8285.556
546,7138.077
547,7302.191
548,8735.989
549,7532.216
550,7250.515
551,8042.899
552,7998.816
553,11731.780
554,8433.158
555,7191.656
556,9094.032
557,11367.562
558,8553.948
559,9147.467
560,9414.695
561,9601.242
562,8880.913
563,9756.204
564,9675.547
565,8976.140
566,7422.548
567,7313.936
568,7304.413
569,7257.971
570,8307.907
571,10593.369
572,9759.340
573,10096.923
574,10072.723
575,7768.095
576,8196.625
577,11820.973
578,9412.374
579,8518.939
580,8622.863
581,8607.581
582,8274.340
583,7526.763
584,10884.220
585,9289.275
586,7555.755
587,7941.711
588,7838.294
589,9154.033
590,7642.156
591,8214.369
592,7107.551
593,8115.340
594,7462.140
595,8787.793
596,8428.685
597,10458.699
598,9464.703
599,7897.996
600,9392.204
601,7683.136
602,9527.326
603,7471.779
604,7475.929
605,8086.862
606,9800.608
607,8699.354
608,8697.068
609,8746.256
610,9239.627
611,10169.759
612,9633.720
613,7658.723
614,8234.399
615,8114.541
616,8948.712
617,8888.700
618,7021.176
619,7909.277
620,7360.425
621,7181.034
622,7412.740
623,7782.984
624,7645.764
625,9817.011
626,7704.853
627,7987.915
628,7524.314
629,7333.858
630,8334.051
631,9688.428
632,9945.325
633,10382.202
634,9744.246
635,7433.712
636,8268.985
637,7507.632
638,9305.364
639,7933.446
640,10458.919
641,9212.728
642,7764.704
643,12083.575
644,8732.388
645,7353.528
646,8185.679
647,7457.919
648,7966.025
649,7858.355
650,10263.103
651,9367.133
652,10522.447
653,7778.975
654,7411.442
655,7697.735
656,7287.699
657,8300.831
658,7482.256
659,7477.958
660,8308.070
661,8073.627
662,7754.657
663,8985.834
664,7484.646
665,8079.120
666,7427.687
667,8073.095
668,7607.302
669,9652.005
670,10083.873
671,7779.195
672,9111.976
673,8142.092
674,9677.830
675,9973.823
676,9755.543
677,7761.499
678,8800.464
679,9892.629
680,8877.579
681,8105.500
682,7098.239
683,7386.014
684,7267.467
685,8729.211
686,7587.696
687,7402.781
688,8334.580
689,8970.689
690,8398.402
691,7683.367
692,8697.991
693,8648.958
694,10454.430
695,8317.240
696,9302.505
697,9719.172
698,10023.593
699,10346.324
700,9357.737
701,8486.667
702,9938.631
703,11368.688
704,11195.576
705,11431.551
706,11331.235
707,9050.371
708,9069.332
709,9234.537
710,8341.856
711,9514.651
712,8415.413
713,8926.801
714,10221.788
715,13954.910
716,11780.651
717,10224.051
718,8531.158
719,8660.109
720,8761.458
721,8424.119
722,8035.084
723,8803.466
724,11106.105
725,10298.937
726,7895.916
727,8259.107
728,8032.169
729,8939.810
730,9995.385
731,10131.210
732,10612.375
733,8932.517
734,10447.427
735,10539.079
736,9843.273
737,9490.035
738,8818.965
739,8071.953
740,8261.928
741,9375.431
742,9126.267
743,10697.182
744,11003.755
745,9646.240
746,9187.251
747,10322.535
748,9648.850
749,7904.292
750,9442.321
751,9501.416
752,8817.322
753,7896.457
754,8956.155
755,8865.111
756,10154.332
757,10745.572
758,11078.434
759,8772.599
760,9350.136
761,8139.239
762,8735.732
763,7748.541
764,10330.840
765,9256.129
766,8100.607
767,9314.477
768,11431.198
769,9825.449
770,9215.962
771,9223.619
772,10548.050
773,8492.847
774,7751.587
775,7877.351
776,7939.718
777,10801.988
778,10215.275
779,11424.326
780,9943.915
781,7885.927
782,8698.536
783,7898.811
784,10201.095
785,10633.810
786,8317.100
787,8923.460
788,8053.139
789,8177.876
790,8041.397
791,10099.064
792,12480.290
793,8689.513
794,8068.116
795,9015.661
796,9088.471
797,8887.222
798,7862.052
799,8868.436
800,8221.251
801,9957.184
802,8089.977
803,8581.973
804,9603.265
805,13575.563
806,11467.789
807,11617.516
808,9780.010
809,8988.645
810,8728.581
811,9254.866
812,9903.040
813,8873.797
814,8680.116
815,8312.421
816,8740.598
817,8659.267
818,8102.420
819,8442.353
820,7901.807
821,10850.038
822,13034.777
823,10162.436
824,8719.149
825,9774.274
826,11381.126
827,10920.089
828,10913.029
829,10984.423
830,8435.450
831,8777.949
832,8767.800
833,9279.993
834,8722.392
835,8666.464
836,8889.777
837,8120.364
838,8125.634
839,8814.392
840,10551.331
841,10986.607
842,9535.930
843,9621.269
844,11842.767
845,7767.156
846,8917.279
847,8335.334
848,11457.228
849,9636.457
850,8770.194
851,9591.543
852,7994.749
853,9320.398
854,9347.329
855,8470.617
856,8285.541
857,11145.037
858,10670.373
859,11622.687
860,8411.887
861,8136.955
862,10224.422
863,10626.531
864,10858.383
865,9203.270
866,8922.005
867,9923.683
868,8655.922
869,9302.946
870,8400.526
871,8584.638
872,8885.027
873,8449.586
874,9184.516
875,7908.409
876,9802.792
877,8290.190
878,9420.160
879,7998.186
880,9520.786
881,11241.085
882,8431.573
883,8602.506
884,10927.532
885,10957.418
886,10120.804
887,8466.488
888,9191.032
889,7749.864
890,7868.795
891,13297.291
892,9821.707
893,8127.777
894,8929.150
895,9008.057
896,9122.920
897,8308.103
898,9018.437
899,9989.284
900,8058.203
901,8553.632
902,8383.664
903,9265.170
904,8758.362
905,9316.731
906,7886.879
907,10520.333
908,8157.823
909,9342.801
910,8085.750
911,8402.970
912,8878.785
913,9401.626
914,8994.907
915,10336.040
916,8265.855
917,8560.374
918,8697.105
919,7848.938
920,10133.346
921,8675.628
922,9937.188
923,8128.409
924,8953.762
925,8022.221
926,8181.102
927,7903.690
928,10637.761
929,10353.593
930,8182.509
931,9239.738
932,8856.115
933,8402.519
934,8444.747
935,9891.863
936,8466.369
937,9631.689
938,8409.163
939,11029.386
940,9071.209
941,10576.779
942,11934.537
943,8893.593
944,8339.432
945,7971.777
946,10601.345
947,11566.331
948,8363.116
949,11108.917
950,8411.246
951,8023.453
952,8785.064
953,9331.410
954,9151.304
955,8499.200
956,9044.184
957,8261.135
958,9895.970
959,8423.549
960,10566.460
961,8593.405
962,8806.622
963,8499.630
964,9571.325
965,8312.181
966,9310.531
967,9622.101
968,8619.082
969,9021.593
970,8095.838
971,9836.089
972,11116.323
973,11054.678
974,10299.643
975,9831.330
976,10707.431
977,8679.976
978,10508.723
979,10126.070
980,8292.083
981,9141.776
982,9206.912
983,10647.681
984,9003.092
985,8882.684
986,9486.755
987,9869.965
988,9001.470
989,8219.709
990,8942.370
991,8088.164
992,8629.912
993,11760.513
994,9436.495
995,8900.426
996,8669.782
997,10089.425
998,8361.883
999,8434.329
1000,7874.456
1001,8361.664
1002,8798.576
1003,9760.658
1004,8866.574
1005,8100.597
1006,8395.451
1007,9507.052
1008,8358.999
1009,8289.514
1010,8886.536
1011,9581.692
1012,9783.255
1013,8712.312
1014,8035.095
1015,8315.748
1016,8793.052
1017,8937.495
1018,8631.732
1019,8903.227
1020,10351.584
1021,9533.075
1022,9063.501
1023,8163.624
1024,8663.079
1025,7866.691
1026,8720.882
1027,8186.091
1028,10693.456
1029,11791.656
1030,11806.920
1031,8163.704
1032,7823.641
1033,8473.822
1034,8285.125
1035,8154.237
1036,7866.311
1037,8310.823
1038,8857.213
1039,9876.337
1040,8326.227
1041,7900.184
1042,10044.977
1043,8907.379
1044,9422.034
1045,8626.431
1046,8770.291
1047,8809.401
1048,10552.493
1049,8630.754
1050,8437.914
1051,7739.775
1052,9413.332
1053,8128.589
1054,9068.720
1055,9614.186
1056,8484.722
1057,9731.300
1058,9117.395
1059,8009.968
1060,8102.240
1061,9426.866
1062,8067.416
1063,9366.955
1064,11013.832
1065,11020.455
1066,9263.298
1067,10217.334
1068,9028.325
1069,8206.024
1070,9004.587
1071,8605.266
1072,9005.105
1073,8159.887
1074,9140.003
1075,9200.305
1076,9032.192
1077,9670.179
1078,8278.668
1079,8829.704
1080,10787.641
1081,8358.377
1082,8135.582
1083,8565.593
1084,10361.467
1085,8481.867
1086,8719.921
1087,8641.885
1088,8128.118
1089,9061.654
1090,8444.157
1091,8358.620
1092,8568.699
1093,11039.870
1094,8785.403
1095,8097.882
1096,8907.560
1097,8409.913
1098,9371.690
1099,7940.138
1100,9076.285
1101,17966.457
1102,11968.069
1103,9400.287
1104,8515.270
1105,9218.129
1106,9578.851
1107,9013.527
1108,11001.709
1109,8192.949
1110,10061.038
1111,10463.157
1112,8655.821
1113,8875.720
1114,8148.326
1115,9087.585
1116,8188.941
1117,8773.360
1118,7881.209
1119,8819.896
1120,9092.604
1121,8512.273
1122,7633.206
1123,11256.043
1124,9409.896
1125,9007.405
1126,8804.789
1127,8143.346
1128,11663.433
1129,9767.290
1130,9323.399
1131,8319.629
1132,8547.865
1133,8611.824
1134,11637.235
1135,9397.637
1136,8644.364
1137,10083.751
1138,12119.112
1139,10682.705
1140,9606.131
1141,8056.295
1142,9623.873
1143,10406.922
1144,10405.189
1145,9725.864
1146,8271.034
1147,10392.485
1148,11785.561
1149,7862.393
1150,9489.223
1151,8428.308
1152,8781.705
1153,10101.643
1154,9362.076
1155,11373.733
1156,11106.477
1157,8388.072
1158,8195.394
1159,8807.072
1160,9679.768
1161,7704.357
1162,7534.926
1163,7976.022
1164,10088.602
1165,10064.560
1166,8900.313
1167,7234.910
1168,8042.458
1169,7220.052
1170,8877.465
1171,9741.726
1172,7298.816
1173,7556.232
1174,8219.343
1175,8317.319
1176,7873.788
1177,8618.069
1178,9777.833
1179,9569.984
1180,9931.504
1181,10416.018
1182,8274.816
1183,8529.528
1184,8112.366
1185,7315.131
1186,9386.787
1187,7281.683
1188,8478.623
1189,7778.627
1190,9905.143
1191,10091.197
1192,7825.335
1193,8713.571
1194,7456.376
1195,7742.709
1196,7648.851
1197,7988.476
1198,7300.299
1199,8784.377
1200,10855.198
1201,11203.351
1202,7559.579
1203,7578.402
1204,7829.973
1205,7411.111
1206,7855.265
1207,7665.529
1208,7621.226
1209,9367.510
1210,8312.654
1211,7821.267
1212,7960.943
1213,7685.319
1214,8288.950
1215,7685.540
1216,7526.366
1217,7566.206
1218,9165.532
1219,9037.436
1220,8667.469
1221,7381.127
1222,7203.134
1223,8512.079
1224,7457.020
1225,8917.662
1226,10249.089
1227,8329.983
1228,9187.243
1229,7608.543
1230,8027.212
1231,7538.770
1232,7539.802
1233,7729.663
1234,7282.720
1235,8048.823
1236,8686.264
1237,8449.190
1238,8008.717
1239,7496.941
1240,7694.723
1241,9617.649
1242,7701.377
1243,7184.052
1244,7770.191
1245,7708.545
1246,10488.954
1247,10417.707
1248,9170.411
1249,7531.592
1250,7322.055
1251,9667.343
1252,10441.662
1253,9945.289
1254,7643.753
1255,8917.634
1256,7673.665
1257,7826.786
1258,9937.383
1259,8421.949
1260,8508.451
1261,9014.330
1262,8552.975
1263,9174.919
1264,7824.839
1265,8365.424
1266,6898.206
1267,7122.142
1268,7132.025
1269,7784.494
1270,7418.934
1271,7776.758
1272,7794.675
1273,10474.385
1274,9492.059
1275,9660.538
1276,7567.592
1277,7851.757
1278,8418.542
1279,7520.564
1280,10108.394
1281,9165.109
1282,9186.844
1283,8125.570
1284,9067.744
1285,7838.156
1286,7712.773
1287,10375.660
1288,9244.503
1289,7672.470
1290,8854.707
1291,8335.089
1292,9405.679
1293,9601.734
1294,7621.980
1295,9874.841
1296,7960.410
1297,8093.170
1298,8169.506
1299,8347.360
1300,8468.883
1301,8280.230
1302,8321.213
1303,9666.671
1304,8699.345
1305,7451.243
1306,7762.252
1307,7548.298
1308,8209.648
1309,8494.428
1310,7816.976
1311,7772.070
1312,7156.325
1313,8126.807
1314,9278.653
1315,7875.442
1316,8492.059
1317,7918.018
1318,11738.853
1319,9962.692
1320,7939.692
1321,7584.593
1322,7675.346
1323,12648.394
1324,9473.084
1325,8910.931
1326,7892.349
1327,9459.239
1328,7606.137
1329,8128.419
1330,7531.996
1331,9213.269
1332,7433.197
1333,8307.410
1334,8405.029
1335,7977.735
1336,8836.496
1337,8335.383
1338,9274.636
1339,8491.204
1340,7590.102
1341,8006.318
1342,9225.586
1343,7407.987
1344,8497.357
1345,8400.956
1346,8753.996
1347,7224.387
1348,8586.421
1349,10114.399
1350,7504.546
1351,7498.632
1352,7301.364
1353,8019.369
1354,8716.610
1355,10315.928
1356,7334.021
1357,7390.798
1358,7536.147
1359,7645.746
1360,9354.102
1361,10759.201
1362,10529.688
1363,8515.807
1364,9232.950
1365,7248.759
1366,8278.151
1367,7739.974
1368,8108.388
1369,7446.108
1370,9130.349
1371,12428.057
1372,10118.851
1373,7978.686
1374,7484.121
1375,7176.713
1376,8525.919
1377,7784.884
1378,7996.474
1379,7381.483
1380,9233.115
1381,11213.196
1382,9621.762
1383,10099.376
1384,9891.802
1385,9268.583
1386,7750.419
1387,9658.196
1388,8747.624
1389,12464.976
1390,9415.652
1391,7816.336
1392,7380.760
1393,7369.232
1394,7140.547
1395,7851.012
1396,7558.574
1397,8127.039
1398,8105.964
1399,11851.486
1400,8980.226
1401,8745.292
1402,9295.428
1403,7546.478
1404,8020.150
1405,9664.293
1406,10929.606
1407,7727.796
1408,8205.846
1409,8060.844
1410,8067.980
1411,8355.234
1412,8058.946
1413,8473.562
1414,7258.715
1415,9770.421
1416,10485.883
1417,8064.572
1418,7984.968
1419,7627.875
1420,7922.986
1421,7425.152
1422,8136.776
1423,7442.658
1424,8654.592
1425,9858.521
1426,8146.519
1427,8493.454
1428,7885.142
1429,9634.355
1430,10089.227
1431,9993.936
1432,8769.224
1433,10659.813
1434,8737.394
1435,7935.421
1436,8791.707
1437,7745.183
1438,7720.756
1439,7510.690
1440,10109.018
1441,8387.592
1442,10700.361
1443,8699.172
1444,11026.041
1445,8243.817
1446,8451.603
1447,7146.875
1448,8690.694
1449,9094.845
1450,7892.303
1451,7226.944
1452,8491.236
1453,7980.705
1454,10512.076
1455,7898.282
1456,7995.243
1457,8017.992
1458,7744.106
1459,8264.968
1460,7835.974
1461,9750.327
1462,9024.854
1463,10517.545
1464,8509.898
1465,7032.115
1466,8645.060
1467,8495.980
1468,10127.729
1469,8146.027
1470,12332.169
1471,10181.061
1472,10844.955
1473,10087.519
1474,9300.772
1475,7468.784
1476,8207.266
1477,8000.175
1478,9737.823
1479,10204.262
1480,7973.489
1481,9671.300
1482,10023.213
1483,7416.437
1484,7856.189
1485,7621.474
1486,8259.997
1487,7554.726
1488,8648.131
1489,7764.696
1490,8057.083
1491,7718.657
1492,9212.938
1493,7915.254
1494,7834.565
1495,7988.384
1496,7575.101
1497,8366.967
1498,8367.061
1499,8245.136
1500,8346.441
1501,7702.585
1502,7826.722
1503,7825.500
1504,7390.519
1505,9047.777
1506,7944.761
1507,9203.432
1508,9350.128
1509,9725.808
1510,10616.494
1511,7597.503
1512,8642.819
1513,7433.023
1514,8923.013
1515,8187.350
1516,8315.290
1517,8908.838
1518,8395.209
1519,9830.703
1520,10646.956
1521,8951.917
1522,7805.076
1523,8754.415
1524,8058.367
1525,8925.203
1526,8809.872
1527,8058.438
1528,8403.931
1529,7240.026
1530,8077.714
1531,7536.717
1532,8303.011
1533,7664.500
1534,10591.259
1535,9172.602
1536,7537.415
1537,7385.029
1538,7348.311
1539,8943.321
1540,10414.165
1541,8069.807
1542,8727.760
1543,8860.164
1544,9841.255
1545,8225.051
1546,8677.764
1547,9225.400
1548,10358.967
1549,11260.884
1550,9730.269
1551,10100.367
1552,9675.947
1553,7924.336
1554,8247.412
1555,7576.914
1556,7561.122
1557,7551.870
1558,7503.628
1559,7878.353
1560,9407.230
1561,8676.064
1562,11246.996
1563,7687.771
1564,8613.840
1565,10321.402
1566,8785.296
1567,7686.228
1568,7427.062
1569,8503.384
1570,8315.430
1571,7707.967
1572,10472.217
1573,7357.660
1574,8451.325
1575,7921.423
1576,8786.402
1577,7403.074
1578,8218.190
1579,11441.408
1580,11176.338
1581,9911.170
1582,7992.956
1583,7964.864
1584,8699.201
1585,8188.511
1586,8358.969
1587,8408.431
1588,8825.477
1589,9590.822
1590,8592.714
1591,8938.203
1592,8125.883
1593,7849.279
1594,7785.940
1595,10727.420
1596,9590.928
1597,10149.302
1598,10009.823
1599,8987.390
1600,8816.831
1601,8966.309
1602,8350.422
1603,10124.106
1604,8174.174
1605,8868.256
1606,8902.219
1607,9547.512
1608,9132.950
1609,11220.668
1610,10767.744
1611,10001.688
1612,8235.357
1613,8214.639
1614,9346.674
1615,9973.259
1616,8887.783
1617,8365.791
1618,8212.475
1619,8168.573
1620,8661.282
1621,8070.110
1622,9029.867
1623,8933.658
1624,9059.022
1625,8823.754
1626,7860.830
1627,8908.682
1628,8304.827
1629,8730.500
1630,9132.499
1631,8847.137
1632,9248.801
1633,9369.961
1634,8865.226
1635,10446.286
1636,8022.181
1637,9523.909
1638,10545.490
1639,8434.809
1640,10146.748
1641,8638.268
1642,9263.021
1643,8288.707
1644,10373.219
1645,9946.635
1646,8058.208
1647,8490.248
1648,8083.014
1649,8694.588
1650,8196.876
1651,9311.051
1652,8137.166
1653,8189.703
1654,8074.699
1655,8824.304
1656,8225.349
1657,8028.663
1658,7891.898
1659,8765.785
1660,9237.455
1661,8988.861
1662,9190.096
1663,8790.912
1664,9750.820
1665,11095.814
1666,8550.926
1667,8133.714
1668,9160.691
1669,9942.948
1670,8363.892
1671,8559.661
1672,10308.420
1673,8869.499
1674,8639.330
1675,7933.145
1676,9446.423
1677,9913.573
1678,9084.860
1679,8794.749
1680,7929.098
1681,8651.133
1682,8027.581
1683,9958.497
1684,7675.475
1685,8586.657
1686,9071.816
1687,8968.824
1688,9087.861
1689,8385.969
1690,8241.930
1691,8381.289
1692,10422.891
1693,8758.107
1694,8575.372
1695,8799.048
1696,9071.636
1697,10310.051
1698,10251.778
1699,8082.012
1700,10797.651
1701,8030.546
1702,8731.733
1703,8099.184
1704,9815.275
1705,9905.928
1706,8084.487
1707,8286.283
1708,8453.554
1709,8266.065
1710,8527.081
1711,7866.376
1712,7772.807
1713,8570.733
1714,9061.296
1715,9497.894
1716,8540.701
1717,14116.910
1718,10884.933
1719,10785.789
1720,8320.376
1721,8337.679
1722,8523.605
1723,8981.518
1724,9230.010
1725,7945.083
1726,9180.703
1727,7795.518
1728,8201.896
1729,8226.872
1730,8184.422
1731,8689.023
1732,9526.994
1733,8423.423
1734,8612.370
1735,10138.257
1736,8368.766
1737,9322.699
1738,8067.575
1739,10294.106
1740,11282.603
1741,9375.127
1742,8408.163
1743,9013.156
1744,7767.777
1745,10124.496
1746,8366.412
1747,8867.921
1748,9912.592
1749,8804.293
1750,10041.222
1751,8409.933
1752,9220.780
1753,8221.632
1754,8888.042
1755,8301.005
1756,8125.573
1757,8313.172
1758,8409.152
1759,11377.181
1760,11261.874
1761,9007.887
1762,8579.660
1763,8375.709
1764,8503.157
1765,8020.698
1766,9250.298
1767,9558.989
1768,8825.216
1769,10047.647
1770,8387.140
1771,8424.190
1772,9423.871
1773,8108.452
1774,8972.892
1775,8042.209
1776,8790.396
1777,9030.238
1778,9416.894
1779,7723.866
1780,8573.217
1781,9128.952
1782,8219.719
1783,8756.870
1784,12457.912
1785,9002.887
1786,8862.155
1787,8567.236
1788,8813.029
1789,10098.303
1790,9551.909
1791,9158.523
1792,10373.630
1793,9723.454
1794,9323.564
1795,9231.272
1796,8557.187
1797,7744.694
1798,8721.884
1799,8056.074
1800,8794.730
1801,8552.178
1802,9418.050
1803,8126.897
1804,9507.908
1805,8443.887
1806,8797.485
1807,8795.391
1808,8022.261
1809,8460.167
1810,10402.404
1811,10261.766
1812,9215.007
1813,8838.266
1814,9849.354
1815,11527.994
1816,9956.684
1817,8313.353
1818,8581.062
1819,7987.456
1820,11194.879
1821,9969.569
1822,9527.504
1823,9448.452
1824,8695.795
1825,8460.668
1826,7909.842
1827,8195.894
1828,10554.688
1829,9147.257
1830,8669.186
1831,9996.643
1832,8424.400
1833,8860.969
1834,8857.937
1835,10879.293
1836,8439.103
1837,8101.609
1838,9163.857
1839,9637.929
1840,9881.128
1841,10284.881
1842,10570.306
1843,8258.786
1844,8657.373
1845,8526.910
1846,9440.702
1847,8409.462
1848,11496.130
1849,9860.045
1850,8569.330
1851,10407.494
1852,10664.366
1853,7850.621
1854,8693.331
1855,7881.288
1856,9883.989
1857,8915.956
1858,9009.039
1859,8877.614
1860,8199.882
1861,8391.277
1862,8066.629
1863,8388.578
1864,12256.727
1865,9783.091
1866,8745.619
1867,9467.994
1868,9025.910
1869,8570.231
1870,10701.000
1871,10295.945
1872,8369.588
1873,10499.014
1874,10006.487
1875,10031.092
1876,9789.688
1877,9837.211
1878,9708.902
1879,8382.211
1880,7817.120
1881,8517.093
1882,8538.443
1883,10863.045
1884,10131.269
1885,8781.725
1886,8574.700
1887,7773.077
1888,8687.735
1889,7811.679
1890,8860.256
1891,10215.074
1892,8340.113
1893,8583.857
1894,9256.670
1895,8892.878
1896,9028.238
1897,10784.657
1898,9400.298
1899,9922.519
1900,11045.512
1901,9829.147
1902,8988.251
1903,10204.265
1904,8929.710
1905,8013.585
1906,8718.724
1907,9664.900
1908,10003.807
1909,11241.286
1910,10890.914
1911,10817.919
1912,8999.942
1913,9484.354
1914,11035.724
1915,11174.082
1916,8863.333
1917,8440.520
1918,8677.386
1919,9250.027
1920,13177.492
1921,9722.639
1922,8610.868
1923,8424.641
1924,8318.412
1925,10184.548
1926,7776.403
1927,8040.956
1928,8160.930
1929,9356.947
1930,10776.782
1931,12060.667
1932,9703.557
1933,8071.342
1934,12702.157
1935,8285.992
1936,10649.194
1937,10479.838
1938,8972.391
1939,8949.608
1940,9115.938
1941,9143.789
1942,10846.902
1943,9860.385
1944,9673.716
1945,10734.522
1946,9622.671
1947,8596.400
1948,10213.462
1949,9686.055
1950,7956.970
1951,8957.844
1952,8126.775
1953,9156.073
1954,7834.692
1955,9688.239
1956,10570.506
1957,11359.237
1958,11882.350
1959,9710.626
1960,8152.133
1961,8623.531
1962,8893.445
1963,8496.099
1964,9188.438
1965,10734.262
1966,10424.105
1967,9226.634
1968,7840.482
1969,8847.441
1970,10933.303
1971,8481.647
1972,8245.747
1973,8502.872
1974,8806.000
1975,8935.462
1976,8703.209
1977,7772.135
1978,9494.673
1979,7940.789
1980,8745.778
1981,10764.769
1982,8096.389
1983,10564.405
1984,10040.670
1985,8398.342
1986,9082.616
1987,7955.406
1988,8885.949
1989,8555.970
1990,10450.423
1991,8219.238
1992,11305.515
1993,10220.867
1994,8281.023
1995,10724.067
1996,10325.802
1997,9419.182
1998,9540.840
1999,7853.056
2000,8920.765
2001,8659.709
2002,10354.054
2003,8577.045
2004,8023.092
2005,10779.801
2006,10226.436
2007,9165.700
2008,9693.329
2009,8889.567
2010,12867.385
2011,11596.198
2012,9849.814
2013,7948.573
2014,9960.230
2015,10509.193
2016,10891.765
2017,9552.140
2018,8018.654
2019,8885.919
2020,8473.591
2021,8641.585
2022,8181.487
2023,7991.103
2024,9528.035
2025,7858.446
2026,8333.130
2027,9393.005
2028,9567.500
2029,11333.839
2030,8631.315
2031,8653.186
2032,8566.614
2033,8823.854
2034,8296.031
2035,8387.401
2036,8793.077
2037,8639.731
2038,9204.603
2039,8393.613
2040,8309.476
2041,7961.778
2042,8943.817
2043,8041.296
2044,8233.023
2045,7801.590
2046,8641.915
2047,8737.283
2048,11173.029
2049,9420.120
2050,11516.525
2051,11348.025
2052,10665.974
2053,8270.203
2054,8522.353
2055,10589.863
2056,9919.324
2057,8305.809
2058,8573.016
2059,7921.564
2060,9291.976
2061,8135.903
2062,10405.100
2063,10971.679
2064,9899.471
2065,10963.324
2066,10848.135
2067,9075.008
2068,8069.820
2069,7614.378
2070,8558.754
2071,9938.099
2072,8945.867
2073,7980.649
2074,10474.862
2075,8533.337
2076,7366.036
2077,7507.207
2078,7346.449
2079,8683.046
2080,10119.311
2081,9972.088
2082,9740.909
2083,11963.233
2084,10096.347
2085,9768.080
2086,9861.946
2087,9388.264
2088,10041.526
2089,10074.209
2090,9734.799
2091,8566.716
2092,8946.174
2093,8176.508
2094,7433.184
2095,8315.966
2096,7729.532
2097,8506.620
2098,7280.241
2099,8166.686
2100,8347.992
2101,9453.428
2102,8537.414
2103,7579.309
2104,8543.883
2105,8216.682
2106,7672.328
2107,7355.528
2108,8465.938
2109,8837.708
2110,8744.192
2111,7946.200
2112,7326.935
2113,8256.937
2114,7557.046
2115,8225.489
2116,9835.275
2117,10364.303
2118,9024.290
2119,9111.217
2120,7656.449
2121,7795.190
2122,9359.601
2123,8327.418
2124,7913.546
2125,7451.886
2126,8494.206
2127,8475.775
2128,9834.885
2129,9857.600
2130,7104.234
2131,7441.453
2132,7135.981
2133,7745.526
2134,7324.989
2135,7668.956
2136,7805.185
2137,10086.972
2138,10114.354
2139,7101.927
2140,7416.148
2141,7266.707
2142,8070.938
2143,9810.239
2144,8049.596
2145,7807.077
2146,10711.962
2147,8972.540
2148,8600.189
2149,8336.291
2150,8349.580
2151,7196.938
2152,10089.676
2153,10647.161
2154,8526.953
2155,8807.013
2156,8753.787
2157,8387.184
2158,7590.611
2159,7862.175
2160,8094.501
2161,8146.815
2162,9562.685
2163,8892.697
2164,9455.338
2165,9648.011
2166,7750.612
2167,7680.272
2168,7987.689
2169,7622.793
2170,7763.815
2171,7543.239
2172,9533.794
2173,8536.018
2174,8601.972
2175,7406.133
2176,7356.341
2177,7867.841
2178,8125.546
2179,8467.405
2180,7744.809
2181,8076.280
2182,7828.186
2183,7923.013
2184,8921.178
2185,9850.064
2186,9383.069
2187,7190.332
2188,8077.267
2189,8262.002
2190,8360.824
2191,8222.108
2192,8298.129
2193,8541.483
2194,8775.168
2195,10209.632
2196,8511.059
2197,8753.491
2198,7386.094
2199,7792.138
2200,8355.161
2201,8236.575
2202,7410.303
2203,7807.842
2204,7196.847
2205,8282.752
2206,7663.397
2207,8841.777
2208,7702.610
2209,8532.436
2210,7540.111
2211,7618.125
2212,7504.680
2213,7533.030
2214,7917.514
2215,7564.769
2216,7751.969
2217,9794.034
2218,12228.542
2219,8728.739
2220,7917.846
2221,7385.466
2222,9539.527
2223,7269.108
2224,9625.091
2225,7859.020
2226,8702.212
2227,8533.467
2228,7436.562
2229,8043.268
2230,7142.116
2231,9014.917
2232,7239.537
2233,7827.374
2234,7385.024
2235,10669.489
2236,10944.443
2237,7627.784
2238,7750.912
2239,7790.794
2240,8008.162
2241,8730.102
2242,8286.166
2243,7820.706
2244,8277.549
2245,8639.557
2246,8723.155
2247,7358.150
2248,8900.456
2249,9158.309
2250,7312.618
2251,8319.386
2252,7668.490
2253,8370.087
2254,8382.968
2255,8389.307
2256,7900.787
2257,10452.915
2258,9092.102
2259,7417.011
2260,8927.581
2261,10149.693
2262,10440.699
2263,11691.170
2264,9113.784
2265,8827.921
2266,7899.108
2267,9291.103
2268,8400.958
2269,7999.046
2270,8192.655
2271,8393.175
2272,8595.715
2273,8053.445
2274,7754.478
2275,7390.642
2276,8657.650
2277,9363.114
2278,9600.420
2279,9331.292
2280,11115.315
2281,8979.058
2282,9373.225
2283,9958.777
2284,8109.536
2285,8823.832
2286,8073.519
2287,7653.032
2288,7960.970
2289,8161.243
2290,8454.230
2291,8440.854
2292,8188.774
2293,7745.897
2294,7530.281
2295,8058.824
2296,10084.482
2297,8671.424
2298,7999.111
2299,9200.391
2300,9590.880
2301,9850.514
2302,8815.964
2303,10448.627
2304,8529.599
2305,9646.008
2306,8267.232
2307,9800.347
2308,8658.476
2309,7996.114
2310,8306.113
2311,9196.178
2312,8480.524
2313,8438.963
2314,9346.903
2315,7847.100
2316,8482.250
2317,8191.082
2318,8497.842
2319,7576.965
2320,8993.866
2321,7279.663
2322,7769.129
2323,7880.015
2324,8472.036
2325,9372.226
2326,8558.902
2327,8574.120
2328,7774.748
2329,7589.735
2330,7842.283
2331,8536.570
2332,8208.345
2333,9351.916
2334,7810.841
2335,8913.220
2336,8201.576
2337,9347.693
2338,8519.619
2339,7327.484
2340,7897.800
2341,8047.137
2342,7891.634
2343,7837.652
2344,8150.515
2345,7786.511
2346,7593.277
2347,7640.156
2348,7859.465
2349,7948.317
2350,10610.738
2351,9854.786
2352,9533.634
2353,10010.460
2354,9932.730
2355,8682.672
2356,8691.186
2357,8964.680
2358,7587.243
2359,7998.706
2360,8536.362
2361,7814.688
2362,9244.537
2363,8080.640
2364,7766.103
2365,7490.770
2366,8159.481
2367,8233.468
2368,7833.316
2369,7892.133
2370,7905.068
2371,8560.877
2372,7846.269
2373,8118.590
2374,8966.184
2375,7590.695
2376,7612.154
2377,7577.731
2378,7846.657
2379,8904.877
2380,8474.473
2381,8550.717
2382,8143.704
2383,7607.275
2384,7181.392
2385,7649.539
2386,7861.797
2387,9357.058
2388,11129.484
2389,11273.352
2390,11162.815
2391,9982.754
2392,7620.818
2393,8166.457
2394,10272.952
2395,9408.068
2396,7635.441
2397,7824.460
2398,8281.313
2399,8534.654
2400,8477.287
2401,8141.468
2402,8059.889
2403,7473.586
2404,7631.206
2405,8051.064
2406,8633.548
2407,9153.871
2408,8255.639
2409,7704.982
2410,8563.622
2411,8176.170
2412,7774.193
2413,9936.269
2414,7874.741
2415,8382.579
2416,8089.730
2417,8248.082
2418,7582.428
2419,7480.367
2420,7863.071
2421,7600.494
2422,8151.786
2423,9745.299
2424,10359.813
2425,9696.612
2426,8293.173
2427,8598.542
2428,7271.967
2429,7657.815
2430,7736.071
2431,8348.728
2432,9610.081
2433,9007.434
2434,7820.371
2435,9729.800
2436,10926.798
2437,7957.178
2438,8606.084
2439,10097.484
2440,10724.375
2441,10700.755
2442,11350.550
2443,8707.960
2444,10153.494
2445,10901.142
2446,9290.530
2447,9613.798
2448,9285.152
2449,9934.863
2450,8666.073
2451,8426.357
2452,10242.628
2453,8573.340
2454,8705.709
2455,8490.729
2456,7958.393
2457,7870.636
2458,8476.460
2459,7899.181
2460,8303.669
2461,9195.187
2462,8555.598
2463,7668.666
2464,7192.004
2465,8944.148
2466,8470.287
2467,11916.218
2468,9203.002
2469,8317.212
2470,8340.637
2471,8612.743
2472,8103.219
2473,7911.134
2474,10401.088
2475,9081.152
2476,7403.993
2477,8079.204
2478,7886.552
2479,9496.442
2480,11399.737
2481,8771.976
2482,7745.715
2483,7438.988
2484,9588.453
2485,7623.263
2486,7605.873
2487,7730.951
2488,8930.874
2489,8773.826
2490,7915.357
2491,8303.920
2492,8332.027
2493,8952.865
2494,8710.882
2495,8832.710
2496,8249.114
2497,10406.272
2498,9134.262
2499,8526.279
2500,8091.340
2501,8822.321
2502,11008.212
2503,8993.134
2504,11413.432
2505,8573.914
2506,11467.602
2507,8437.935
2508,10706.541
2509,8230.568
2510,10639.546
2511,11046.934
2512,10684.419
2513,9608.372
2514,9772.204
2515,9043.433
2516,9622.776
2517,10334.167
2518,10684.309
2519,10266.240
2520,8369.088
2521,10104.892
2522,8302.182
2523,8638.368
2524,9376.152
2525,9021.141
2526,8047.588
2527,10000.611
2528,7964.223
2529,9551.294
2530,10512.298
2531,8918.891
2532,9122.881
2533,9175.489
2534,9655.142
2535,10941.338
2536,11265.472
2537,10412.804
2538,8125.061
2539,9568.510
2540,8213.578
2541,10691.052
2542,10301.445
2543,9388.055
2544,10244.756
2545,8165.102
2546,8336.917
2547,10576.358
2548,10660.504
2549,8026.248
2550,9011.614
2551,9453.627
2552,9165.671
2553,8616.858
2554,8098.193
2555,9283.700
2556,8201.535
2557,9965.621
2558,9620.527
2559,9073.409
2560,10134.335
2561,8350.983
2562,8352.907
2563,7831.876
2564,8570.412
2565,9270.716
2566,10533.583
2567,10801.567
2568,9569.016
2569,9404.872
2570,11047.699
2571,9512.998
2572,10001.516
2573,10015.132
2574,8047.128
2575,8432.545
2576,7660.698
2577,8581.102
2578,8628.089
2579,9019.534
2580,10648.273
2581,8026.819
2582,10240.185
2583,8787.405
2584,8971.319
2585,8346.525
2586,8675.793
2587,9315.099
2588,8596.070
2589,8579.684
2590,8328.020
2591,8502.456
2592,7968.231
2593,8114.212
2594,9509.157
2595,9746.186
2596,9967.149
2597,10100.425
2598,11114.408
2599,9387.594
2600,8169.476
2601,10594.102
2602,8308.174
2603,8396.534
2604,9056.757
2605,12665.419
2606,10852.042
2607,10613.422
2608,8915.876
2609,8647.506
2610,8033.212
2611,9311.603
2612,8348.549
2613,9754.897
2614,9200.676
2615,8608.413
2616,8614.980
2617,10100.472
2618,10037.073
2619,9029.597
2620,8549.644
2621,8082.598
2622,10463.323
2623,9184.846
2624,8893.739
2625,7903.309
2626,9642.718
2627,10744.903
2628,7812.149
2629,8967.171
2630,9601.417
2631,9953.974
2632,9159.710
2633,9769.751
2634,10830.421
2635,9647.313
2636,8654.108
2637,9180.609
2638,8135.932
2639,11586.288
2640,10861.278
2641,8691.868
2642,8772.955
2643,8884.841
2644,7660.918
2645,8452.863
2646,10774.848
2647,10349.675
2648,8624.363
2649,10732.919
2650,8940.321
2651,8407.639
2652,8580.105
2653,8204.341
2654,10343.098
2655,8585.076
2656,9182.271
2657,8651.697
2658,8412.929
2659,8964.706
2660,8320.307
2661,8789.399
2662,8665.849
2663,8247.661
2664,8322.145
2665,8806.812
2666,9588.584
2667,11565.476
2668,11635.365
2669,11085.422
2670,11359.751
2671,8321.047
2672,9196.458
2673,8601.839
2674,8707.537
2675,8147.174
2676,8715.052
2677,8879.898
2678,8640.654
2679,8437.334
2680,10652.906
2681,8568.683
2682,9696.259
2683,8566.544
2684,9151.684
2685,8786.755
2686,9830.329
2687,8531.880
2688,8171.489
2689,13173.874
2690,11629.265
2691,10361.728
2692,9366.209
2693,7949.665
2694,9226.734
2695,10222.900
2696,9239.818
2697,8770.885
2698,8210.442
2699,8442.434
2700,8116.427
2701,10196.157
2702,8281.173
2703,9015.351
2704,9307.898
2705,8597.643
2706,8945.030
2707,9819.407
2708,11000.618
2709,8136.073
2710,8934.630
2711,9157.551
2712,12295.310
2713,9784.747
2714,12007.514
2715,8840.455
2716,9756.300
2717,10741.266
2718,10357.660
2719,8204.520
2720,8931.089
2721,8747.111
2722,11399.566
2723,11062.884
2724,8066.384
2725,8176.128
2726,7722.623
2727,8778.691
2728,7838.269
2729,8207.226
2730,8386.229
2731,9663.398
2732,8651.664
2733,8498.426
2734,8263.882
2735,9384.044
2736,9356.019
2737,9784.252
2738,8789.721
2739,10757.125
2740,12227.713
2741,12231.260
2742,8849.166
2743,7894.793
2744,8726.392
2745,7989.470
2746,8835.861
2747,7832.638
2748,8374.606
2749,9621.841
2750,8540.767
2751,8285.542
2752,7907.567
2753,8570.191
2754,8133.328
2755,8732.463
2756,8370.560
2757,9076.840
2758,9625.506
2759,10372.578
2760,9346.850
2761,8792.215
2762,8546.648
2763,9816.210
2764,8745.833
2765,8799.068
2766,8548.009
2767,8855.778
2768,8721.082
2769,10543.276
2770,9363.199
2771,7617.697
2772,8133.788
2773,7773.498
2774,10215.406
2775,9204.718
2776,10248.383
2777,9485.249
2778,10828.919
2779,8583.033
2780,8359.846
2781,9111.094
2782,8991.287
2783,9227.707
2784,8920.574
2785,9921.168
2786,8438.657
2787,8241.025
2788,8677.982
2789,10523.884
2790,9168.656
2791,8342.187
2792,8289.199
2793,8484.462
2794,10066.819
2795,12164.600
2796,8079.362
2797,8945.610
2798,8585.340
2799,9875.658
2800,10566.730
2801,10852.040
2802,9848.253
2803,9398.468
2804,9232.821
2805,7884.785
2806,8505.856
2807,10009.557
2808,7962.890
2809,10691.642
2810,9890.887
2811,8661.772
2812,11045.021
2813,10755.973
2814,8949.527
2815,9496.663
2816,8668.013
2817,8758.801
2818,9972.108
2819,8359.319
2820,9248.249
2821,11789.407
2822,11168.662
2823,10661.907
2824,10837.424
2825,9254.567
2826,9357.561
2827,8709.922
2828,8886.481
2829,12328.302
2830,9310.590
2831,9577.774
2832,8779.927
2833,8279.430
2834,8159.236
2835,8781.390
2836,8528.239
2837,10051.520
2838,8847.268
2839,8965.698
2840,8898.143
2841,8031.398
2842,8193.450
2843,8927.361
2844,8370.890
2845,9059.653
2846,8541.188
2847,9446.869
2848,8573.423
2849,11800.142
2850,8519.136
2851,9261.759
2852,10494.565
2853,9864.660
2854,9054.636
2855,9677.744
2856,8617.690
2857,9928.165
2858,9501.561
2859,8342.326
2860,8489.070
2861,10013.470
2862,8120.574
2863,9004.981
2864,8318.182
2865,8539.905
2866,8832.710
2867,9587.906
2868,8863.337
2869,10417.531
2870,7950.838
2871,10105.481
2872,10827.406
2873,10978.047
2874,11904.370
2875,12117.469
2876,14361.157
2877,12109.002
2878,10669.603
2879,11184.802
2880,11580.056
2881,9873.948
2882,10426.679
2883,10794.792
2884,12200.071
2885,9119.589
2886,8576.543
2887,9386.713
2888,9219.220
2889,9590.552
2890,8099.344
2891,8877.112
2892,8318.773
2893,10081.566
2894,8288.446
2895,8922.578
2896,7586.919
2897,7885.882
2898,7779.799
2899,9003.553
2900,8517.764
2901,8330.765
2902,8859.245
2903,9081.756
2904,8432.850
2905,9938.400
2906,11040.412
2907,8139.800
2908,8754.471
2909,11097.502
2910,9294.045
2911,8809.277
2912,9186.213
2913,7920.472
2914,8278.974
2915,7966.777
2916,8116.757
2917,9164.829
2918,8492.336
2919,8568.539
2920,12318.071
2921,11050.993
2922,10673.067
2923,10494.636
2924,9680.896
2925,7993.748
2926,8289.790
2927,8265.863
2928,9011.694
2929,8886.500
2930,8994.327
2931,8186.286
2932,8206.193
2933,9736.017
2934,8500.101
2935,8286.744
2936,9243.921
2937,8677.702
2938,10239.140
2939,10215.997
2940,10391.042
2941,10626.170
2942,10450.182
2943,7858.335
2944,8553.200
2945,8073.662
2946,12401.238
2947,11992.675
2948,8960.048
2949,9177.703
2950,11053.456
2951,7901.025
2952,8662.001
2953,8115.154
2954,9551.870
2955,11024.312
2956,10602.536
2957,8439.417
2958,8402.092
2959,7464.052
2960,7737.246
2961,8258.574
2962,9936.348
2963,7753.972
2964,8148.934
2965,8096.561
2966,9007.827
2967,7632.613
2968,8809.948
2969,9225.688
2970,8938.058
2971,8897.968
2972,7935.615
2973,8833.510
2974,9890.106
2975,8832.594
2976,8512.023
2977,9885.341
2978,9503.454
2979,10061.424
2980,7629.062
2981,7719.579
2982,8704.917
2983,8310.792
2984,8038.592
2985,7816.739
2986,8030.978
2987,7836.818
2988,7794.862
2989,7804.903
2990,7596.129
2991,8590.746
2992,8135.704
2993,9869.590
2994,10589.535
2995,9964.567
2996,10467.502
2997,12154.804
2998,8686.685
2999,10369.827
3000,10749.252
3001,10494.753
3002,8248.697
3003,7829.132
3004,7835.333
3005,7751.126
3006,7650.715
3007,7173.453
3008,7751.572
3009,8880.443
3010,8938.208
3011,7691.493
3012,8704.731
3013,7601.160
3014,8769.906
3015,8193.375
3016,9848.696
3017,10842.379
3018,11352.534
3019,10014.442
3020,9946.142
3021,9911.958
3022,10547.970
3023,8728.607
3024,10592.016
3025,10386.336
3026,10817.747
3027,10775.361
3028,9297.945
3029,10854.134
3030,9780.215
3031,9414.242
3032,10348.645
3033,7917.315
3034,8384.948
3035,7619.151
3036,8624.763
3037,8137.601
3038,8611.605
3039,8251.427
3040,7588.042
3041,8438.013
3042,7519.137
3043,8438.780
3044,7563.729
3045,9202.373
3046,9656.914
3047,9764.699
3048,7804.978
3049,13414.396
3050,8669.325
3051,8082.096
3052,9572.372
3053,8712.160
3054,8133.193
3055,8394.356
3056,8078.367
3057,8717.627
3058,8969.510
3059,7831.773
3060,7932.323
3061,9176.759
3062,8378.729
3063,8666.583
3064,9065.637
3065,8299.468
3066,9796.039
3067,10568.280
3068,10996.107
3069,10187.939
3070,8023.405
3071,9482.168
3072,10298.313
3073,8608.350
3074,9438.112
3075,9907.191
3076,9162.961
3077,8268.554
3078,9704.787
3079,9753.884
3080,8088.994
3081,8826.565
3082,9582.079
3083,8022.210
3084,8820.641
3085,7518.803
3086,9088.575
3087,9953.908
3088,7966.180
3089,7793.127
3090,9027.893
3091,9337.376
3092,8358.839
3093,8390.936
3094,8564.537
3095,10258.445
3096,7703.793
3097,7741.421
3098,7474.212
3099,9834.215
3100,9581.298
3101,8230.127
3102,8257.310
3103,7473.274
3104,8754.513
3105,9580.610
3106,8761.974
3107,8199.726
3108,9109.957
3109,9808.028
3110,9658.415
3111,7719.618
3112,8815.081
3113,9748.242
3114,8961.257
3115,7240.159
3116,7753.200
3117,7790.221
3118,8538.285
3119,8497.209
3120,8286.348
3121,10608.407
3122,8529.783
3123,7798.923
3124,8149.622
3125,7513.858
3126,9588.019
3127,9791.512
3128,11186.401
3129,9908.148
3130,10647.927
3131,10250.355
3132,8491.338
3133,7494.387
3134,7561.879
3135,8756.332
3136,8652.962
3137,7917.271
3138,7582.918
3139,8301.680
3140,8914.081
3141,8324.924
3142,7321.465
3143,7755.469
3144,8485.136
3145,8628.753
3146,7703.115
3147,9006.357
3148,10174.609
3149,8590.114
3150,7750.113
3151,7595.088
3152,8630.018
3153,8627.609
3154,9499.816
3155,8463.613
3156,9526.939
3157,11253.884
3158,8104.688
3159,8451.932
3160,9043.551
3161,10482.864
3162,8415.704
3163,8369.808
3164,8382.710
3165,9761.836
3166,10623.483
3167,9908.882
3168,7525.917
3169,7983.750
3170,8475.133
3171,8886.235
3172,8649.745
3173,9406.879
3174,8061.983
3175,8629.377
3176,8271.678
3177,8163.642
3178,9833.377
3179,8603.651
3180,9520.352
3181,9688.460
3182,8827.741
3183,7972.045
3184,9146.264
3185,7669.361
3186,8927.578
3187,10709.680
3188,7925.962
3189,9254.608
3190,9417.098
3191,10755.185
3192,10323.081
3193,9518.606
3194,7523.518
3195,9153.219
3196,10619.908
3197,9432.465
3198,9364.028
3199,8260.512
3200,9239.509
3201,7895.950
3202,7719.321
3203,8315.794
3204,10572.324
3205,8493.356
3206,9035.196
3207,10265.558
3208,11493.509
3209,8309.415
3210,7835.919
3211,7715.721
3212,7589.862
3213,8203.585
3214,8053.328
3215,8027.314
3216,9008.654
3217,7994.624
3218,8324.403
3219,7716.950
3220,7986.144
3221,7830.275
3222,7491.749
3223,8209.641
3224,9591.683
3225,11921.343
3226,10441.379
3227,9763.713
3228,8506.289
3229,9513.614
3230,9828.860
3231,9251.407
3232,11383.485
3233,10351.961
3234,9125.689
3235,10400.797
3236,10231.362
3237,7399.268
3238,8344.972
3239,7517.167
3240,8157.664
3241,7508.464
3242,8115.560
3243,8352.012
3244,8673.165
3245,8003.393
3246,7583.003
3247,7358.655
3248,7497.643
3249,7635.626
3250,7776.646
3251,7928.903
3252,8304.089
3253,8569.146
3254,8900.051
3255,11303.135
3256,8778.014
3257,9875.635
3258,8239.174
3259,8067.005
3260,8435.061
3261,8108.638
3262,8700.268
3263,7878.204
3264,8130.951
3265,7313.118
3266,7490.651
3267,7182.740
3268,7636.220
3269,9826.648
3270,9431.648
3271,12970.697
3272,10657.200
3273,7331.424
3274,8246.678
3275,9182.876
3276,7932.128
3277,10733.290
3278,9852.938
3279,8432.774
3280,9963.317
3281,7946.195
3282,7676.543
3283,7414.792
3284,9147.678
3285,8788.627
3286,7387.226
3287,8389.424
3288,10549.210
3289,10760.672
3290,11448.872
3291,10154.351
3292,10051.440
3293,10261.861
3294,9558.585
3295,8176.389
3296,9208.412
3297,10449.219
3298,9593.746
3299,8620.451
3300,10844.249
3301,9763.029
3302,9606.922
3303,7706.776
3304,7343.046
3305,8455.439
3306,8772.418
3307,9277.218
3308,8026.655
3309,8266.442
3310,8095.019
3311,7184.377
3312,7431.834
3313,7434.374
3314,8006.953
3315,10464.809
3316,9374.757
3317,7905.174
3318,7785.777
3319,8098.999
3320,7920.774
3321,7557.341
3322,7582.180
3323,7671.337
3324,10570.394
3325,8808.118
3326,10460.165
3327,10441.790
3328,10008.336
3329,8207.651
3330,7355.003
3331,8764.131
3332,8789.384
3333,8464.729
3334,8980.258
3335,8690.405
3336,9261.598
3337,9482.693
3338,7591.881
3339,7804.893
3340,7457.693
3341,7821.332
3342,7998.689
3343,10624.603
3344,10790.055
3345,9559.216
3346,7481.540
3347,7494.649
3348,8096.495
3349,8210.752
3350,7674.488
3351,8292.763
3352,9664.761
3353,8416.900
3354,8906.059
3355,9954.616
3356,9673.368
3357,11008.930
3358,10027.814
3359,10080.232
3360,9707.742
3361,8368.899
3362,8997.042
3363,7746.115
3364,7811.726
3365,7845.858
3366,7396.143
3367,7786.223
3368,7879.050
3369,9533.969
3370,9406.724
3371,9123.115
3372,8178.825
3373,8221.220
3374,7920.906
3375,9054.856
3376,7622.154
3377,9247.127
3378,11217.998
3379,9008.115
3380,9043.361
3381,7642.533
3382,8299.343
3383,7975.434
3384,8194.737
3385,8363.007
3386,9512.511
3387,9844.335
3388,11492.299
3389,8779.428
3390,8184.301
3391,7830.496
3392,7501.864
3393,7935.113
3394,8056.254
3395,8586.873
3396,9127.920
3397,9279.603
3398,11435.148
3399,8065.682
3400,8683.542
3401,8073.186
3402,8262.459
3403,8455.959
3404,10941.198
3405,12144.423
3406,12913.286
3407,9106.649
3408,9835.197
3409,8580.331
3410,11311.406
3411,11937.673
3412,8192.578
3413,8243.033
3414,9123.111
3415,9150.402
3416,9630.355
3417,8282.766
3418,8243.734
3419,8778.256
3420,8008.616
3421,9744.923
3422,10732.017
3423,9388.386
3424,9358.100
3425,8363.627
3426,8039.042
3427,7756.897
3428,8966.193
3429,10156.506
3430,10722.229
3431,9733.714
3432,8657.514
3433,9368.768
3434,9551.539
3435,10287.450
3436,9334.576
3437,9591.382
3438,9093.894
3439,9145.512
3440,8288.758
3441,9009.254
3442,9525.570
3443,11142.923
3444,9261.494
3445,8057.266
3446,9041.073
3447,8434.308
3448,9503.850
3449,8092.101
3450,10331.697
3451,10474.549
3452,12409.752
3453,8730.170
3454,8478.616
3455,8505.371
3456,9012.545
3457,8149.999
3458,8552.329
3459,9946.730
3460,9647.573
3461,10478.311
3462,8892.391
3463,10161.540
3464,8324.764
3465,8476.527
3466,8055.182
3467,8305.920
3468,8925.122
3469,9000.158
3470,10630.474
3471,10549.759
3472,8440.891
3473,9547.030
3474,8409.993
3475,12053.388
3476,9103.295
3477,9088.327
3478,13941.325
3479,11773.863
3480,9960.395
3481,9929.433
3482,8087.443
3483,8736.171
3484,12019.646
3485,9181.345
3486,8761.958
3487,9849.659
3488,10049.115
3489,11420.621
3490,8297.704
3491,8646.263
3492,9022.381
3493,9009.283
3494,8758.743
3495,9905.709
3496,10724.759
3497,12287.771
3498,9770.496
3499,7977.137
3500,9959.779
3501,11051.824
3502,10506.868
3503,11390.293
3504,12330.345
3505,10996.520
3506,8554.632
3507,9734.721
3508,9659.982
3509,8965.335
3510,9483.022
3511,8493.709
3512,9723.700
3513,10302.698
3514,12510.951
3515,11528.340
3516,10944.173
3517,9605.019
3518,10855.562
3519,9663.427
3520,8431.783
3521,8780.173
3522,9038.959
3523,11805.091
3524,9908.079
3525,8803.261
3526,8726.227
3527,10188.215
3528,8726.573
3529,9095.547
3530,9473.157
3531,11847.185
3532,10218.942
3533,8976.589
3534,8420.172
3535,8780.278
3536,9152.647
3537,8222.544
3538,10197.802
3539,9514.075
3540,10196.119
3541,11967.609
3542,10073.001
3543,8518.946
3544,8488.386
3545,9765.130
3546,10189.558
3547,8633.931
3548,8721.724
3549,10215.787
3550,9308.495
3551,8503.367
3552,9992.956
3553,10826.778
3554,8825.577
3555,8264.583
3556,8066.142
3557,8213.437
3558,8374.988
3559,10238.539
3560,8853.259
3561,8692.209
3562,9330.257
3563,8438.957
3564,9224.500
3565,7955.767
3566,9850.737
3567,8631.936
3568,9441.954
3569,8530.728
3570,10609.881
3571,12347.456
3572,9964.880
3573,8090.549
3574,8309.666
3575,8688.743
3576,9071.916
3577,9501.836
3578,8927.607
3579,8547.729
3580,8522.313
3581,8409.828
3582,8902.211
3583,10931.452
3584,10414.616
3585,8575.432
3586,12044.793
3587,11378.311
3588,8325.636
3589,8678.293
3590,8872.054
3591,8418.659
3592,8380.669
3593,8550.034
3594,8866.142
3595,9906.569
3596,10066.058
3597,7901.025
3598,9350.760
3599,8420.447
3600,9720.063
3601,10795.376
3602,11305.671
3603,11401.926
3604,9791.120
3605,11572.082
3606,10158.601
3607,11266.683
3608,9756.852
3609,8500.091
3610,10710.378
3611,9321.560
3612,11632.586
3613,10862.089
3614,8840.776
3615,7961.508
3616,8966.359
3617,11952.456
3618,9081.794
3619,8576.638
3620,8392.791
3621,9654.130
3622,9321.561
3623,8855.367
3624,10846.481
3625,10600.336
3626,8236.590
3627,9098.753
3628,10200.591
3629,10021.926
3630,9339.775
3631,9206.757
3632,9703.783
3633,8694.613
3634,9384.132
3635,7983.990
3636,9034.741
3637,7984.140
3638,8755.747
3639,8819.867
3640,9381.481
3641,8398.752
3642,9774.435
3643,10265.469
3644,10732.338
3645,8458.142
3646,8898.913
3647,9227.095
3648,8720.401
3649,9750.730
3650,10584.663
3651,7998.277
3652,8101.699
3653,8243.052
3654,8238.794
3655,7891.999
3656,8184.999
3657,9114.090
3658,9039.826
3659,8491.224
3660,9894.748
3661,9582.837
3662,9234.970
3663,8710.263
3664,8379.477
3665,8587.168
3666,9109.651
3667,9706.814
3668,9137.964
3669,8154.778
3670,9103.785
3671,10917.863
3672,8757.766
3673,10873.637
3674,11063.204
3675,11824.923
3676,12016.380
3677,8971.148
3678,7850.461
3679,8947.865
3680,8017.322
3681,8323.732
3682,7877.802
3683,9084.299
3684,10924.667
3685,11852.042
3686,11795.919
3687,8566.845
3688,10986.673
3689,9328.523
3690,10872.990
3691,9057.850
3692,11413.618
3693,9776.107
3694,12911.627
3695,9468.254
3696,8722.135
3697,8069.890
3698,8341.155
3699,8017.442
3700,8919.882
3701,8088.605
3702,9496.777
3703,8672.332
3704,8957.814
3705,8163.103
3706,9999.644
3707,8626.897
3708,8098.703
3709,8273.168
3710,8378.064
3711,9107.542
3712,8910.826
3713,9083.919
3714,8970.135
3715,9705.452
3716,8635.607
3717,9613.124
3718,8846.756
3719,8274.932
3720,9795.039
3721,10009.576
3722,10728.488
3723,10095.766
3724,8665.800
3725,8314.646
3726,8880.770
3727,8118.561
3728,9827.374
3729,9177.953
3730,9195.705
3731,8691.808
3732,7959.374
3733,8599.557
3734,9232.957
3735,8574.977
3736,8593.895
3737,9049.778
3738,8664.056
3739,9032.493
3740,8508.857
3741,8349.080
3742,8229.106
3743,9630.647
3744,8800.050
3745,9112.787
3746,11234.262
3747,10054.401
3748,9607.102
3749,8374.717
3750,8430.521
3751,8569.631
3752,8472.029
3753,7955.106
3754,8809.257
3755,8062.025
3756,9604.809
3757,9074.612
3758,9053.682
3759,9440.571
3760,8843.320
3761,8816.892
3762,8018.274
3763,9089.498
3764,10058.212
3765,11080.403
3766,11677.663
3767,11153.504
3768,9372.476
3769,8541.077
3770,10046.130
3771,11135.750
3772,9109.245
3773,8442.513
3774,8531.189
3775,10149.563
3776,8406.686
3777,8854.232
3778,8182.109
3779,9074.366
3780,7857.745
3781,8610.542
3782,9774.514
3783,9398.845
3784,8947.284
3785,8681.489
3786,8582.565
3787,8643.207
3788,7996.353
3789,9229.911
3790,8183.051
3791,8169.754
3792,8460.327
3793,11064.127
3794,8828.467
3795,10813.118
3796,10146.910
3797,8386.809
3798,9124.334
3799,8301.501
3800,8320.772
3801,9771.318
3802,12557.848
3803,11147.773
3804,9721.516
3805,11414.818
3806,11507.532
3807,10896.875
3808,8512.665
3809,9187.421
3810,9664.980
3811,10340.830
3812,8663.927
3813,9662.607
3814,8612.250
3815,9645.213
3816,9150.181
3817,10250.642
3818,9785.812
3819,8356.764
3820,9508.412
3821,9366.004
3822,11416.964
3823,9916.469
3824,10512.189
3825,9311.433
3826,8535.186
3827,8157.563
3828,9760.488
3829,9546.349
3830,8779.392
3831,8120.564
3832,9538.666
3833,8358.717
3834,9395.880
3835,8546.666
3836,9082.186
3837,7812.810
3838,10070.942
3839,7976.165
3840,10133.399
3841,9274.049
3842,7512.325
3843,7944.133
3844,7517.124
3845,8248.387
3846,7675.079
3847,10041.410
3848,12863.367
3849,10560.573
3850,8271.268
3851,7478.423
3852,7501.523
3853,8283.824
3854,8390.758
3855,10890.671
3856,9720.772
3857,9726.743
3858,7753.721
3859,7838.957
3860,10448.216
3861,8023.535
3862,7464.718
3863,8052.438
3864,9067.256
3865,8185.689
3866,8534.720
3867,7507.862
3868,10153.535
3869,7968.173
3870,8137.591
3871,8484.487
3872,10030.599
3873,10556.041
3874,8512.620
3875,9053.583
3876,8249.998
3877,7677.849
3878,7560.538
3879,7337.881
3880,7369.979
3881,7855.796
3882,8504.668
3883,10650.805
3884,10595.736
3885,8261.072
3886,9268.766
3887,8892.726
3888,8862.346
3889,8698.993
3890,8677.991
3891,8861.156
3892,8975.321
3893,10201.798
3894,9486.259
3895,7795.459
3896,9170.181
3897,8184.315
3898,8255.978
3899,8258.822
3900,8145.777
3901,8510.822
3902,7914.171
3903,8103.441
3904,9874.646
3905,7565.601
3906,8661.638
3907,7853.528
3908,10417.419
3909,10518.733
3910,8731.728
3911,9141.485
3912,7796.165
3913,7856.159
3914,7533.120
3915,8203.990
3916,7734.725
3917,8305.576
3918,8797.966
3919,9060.227
3920,9683.600
3921,11686.306
3922,8340.138
3923,9537.771
3924,7900.522
3925,7704.715
3926,7804.778
3927,8087.830
3928,8945.169
3929,8460.201
3930,8656.705
3931,8087.715
3932,7659.523
3933,8258.006
3934,7511.900
3935,7814.670
3936,7935.736
3937,8987.523
3938,8090.074
3939,9634.295
3940,9336.283
3941,7853.300
3942,8241.309
3943,7740.944
3944,8229.544
3945,8794.917
3946,8873.564
3947,9001.490
3948,9457.244
3949,7445.408
3950,7678.046
3951,8174.435
3952,8319.084
3953,9589.603
3954,8248.179
3955,8326.989
3956,10311.707
3957,8984.113
3958,7712.640
3959,8830.428
3960,8103.496
3961,8249.234
3962,7486.830
3963,8150.455
3964,8725.797
3965,10545.811
3966,9326.763
3967,9250.774
3968,7579.272
3969,8496.225
3970,10078.504
3971,7765.393
3972,7945.281
3973,8612.089
3974,9643.320
3975,7694.467
3976,8416.494
3977,7157.801
3978,7717.412
3979,7775.022
3980,10592.373
3981,8776.469
3982,8458.341
3983,7849.735
3984,7918.439
3985,9216.033
3986,8375.916
3987,9404.436
3988,8295.531
3989,7385.902
3990,9378.913
3991,11594.061
3992,10902.850
3993,8977.283
3994,7599.127
3995,8530.912
3996,7692.672
3997,8131.178
3998,7525.173
3999,8081.529
4000,10716.983
4001,8341.529
4002,9523.588
4003,10259.058
4004,9715.668
4005,8907.437
4006,10101.629
4007,8909.635
4008,9727.407
4009,8881.005
4010,8357.821
4011,7005.237
4012,7182.380
4013,7364.540
4014,8226.012
4015,10654.040
4016,7931.383
4017,7987.108
4018,11023.300
4019,10155.774
4020,7605.531
4021,7925.691
4022,8195.583
4023,7794.371
4024,7516.709
4025,8278.305
4026,8279.824
4027,7939.965
4028,8019.250
4029,7295.240
4030,7149.730
4031,7094.771
4032,7434.597
4033,7520.927
4034,8462.805
4035,9140.760
4036,8460.521
4037,8518.514
4038,9673.501
4039,8571.641
4040,7129.415
4041,7406.078
4042,7200.069
4043,9181.310
4044,8124.934
4045,8890.875
4046,8811.872
4047,8736.950
4048,7938.603
4049,10165.448
4050,7461.675
4051,7627.651
4052,8105.125
4053,8062.468
4054,9562.527
4055,8096.377
4056,8983.921
4057,10939.975
4058,8537.357
4059,8089.751
4060,8044.463
4061,8155.606
4062,8232.701
4063,9287.059
4064,7742.342
4065,7928.570
4066,7793.967
4067,8518.993
4068,7957.540
4069,7491.949
4070,8030.260
4071,7819.412
4072,8995.437
4073,8802.753
4074,7497.296
4075,9998.897
4076,10104.928
4077,10044.913
4078,9722.654
4079,10549.514
4080,10101.676
4081,10619.042
4082,8488.194
4083,8434.962
4084,7655.287
4085,7965.542
4086,9892.896
4087,11069.113
4088,10468.282
4089,9998.155
4090,8513.180
4091,12329.951
4092,10684.134
4093,7914.923
4094,7601.605
4095,7516.078
4096,7761.188
4097,8402.491
4098,8867.271
4099,8496.207
4100,10270.902
4101,8700.900
4102,8785.504
4103,9015.778
4104,9396.722
4105,10672.225
4106,8607.541
4107,7980.204
4108,8360.878
4109,7917.647
4110,7975.583
4111,7779.849
4112,8243.385
4113,8596.688
4114,8258.099
4115,7333.433
4116,8248.668
4117,8004.647
4118,7961.304
4119,7868.042
4120,7430.772
4121,7617.176
4122,7571.594
4123,7591.159
4124,7564.278
4125,7775.471
4126,8035.097
4127,8421.628
4128,8044.510
4129,7612.385
4130,8236.302
4131,7228.623
4132,8694.289
4133,7279.486
4134,9893.526
4135,10996.464
4136,10648.123
4137,8184.617
4138,7243.925
4139,7497.417
4140,7761.646
4141,8434.756
4142,8128.399
4143,9392.599
4144,8698.168
4145,8324.809
4146,9382.386
4147,7535.327
4148,7645.659
4149,8072.041
4150,8310.772
4151,8165.351
4152,7709.232
4153,8767.431
4154,8092.405
4155,8261.837
4156,9893.095
4157,9339.646
4158,8186.966
4159,8004.569
4160,7687.403
4161,8687.470
4162,9541.184
4163,9765.591
4164,10151.648
4165,9041.891
4166,10178.901
4167,8269.649
4168,7807.511
4169,7959.728
4170,8605.963
4171,9053.388
4172,8107.245
4173,7767.376
4174,7297.324
4175,7486.492
4176,8808.159
4177,7335.048
4178,7841.975
4179,7638.914
4180,8869.761
4181,7747.012
4182,7795.394
4183,7323.371
4184,8114.320
4185,7787.785
4186,8477.617
4187,7476.094
4188,9315.633
4189,8856.666
4190,9897.263
4191,8774.457
4192,7407.977
4193,7963.409
4194,7886.181
4195,9142.573
4196,8157.932
4197,8110.636
4198,10530.981
4199,8120.452
4200,8614.946
4201,8048.331
4202,8329.690
4203,8073.759
4204,9038.250
4205,8508.210
4206,9145.092
4207,8273.560
4208,8576.226
4209,7243.962
4210,7523.023
4211,7133.029
4212,7817.798
4213,7401.982
4214,7446.582
4215,7448.957
4216,9995.248
4217,10819.598
4218,10717.754
4219,9259.198
4220,10442.493
4221,10376.088
4222,8429.551
4223,7517.762
4224,9150.165
4225,9683.107
4226,8328.791
4227,7425.076
4228,7490.033
4229,8334.405
4230,7820.784
4231,7120.255
4232,7409.498
4233,7593.753
4234,10048.241
4235,8405.464
4236,7173.002
4237,7262.842
4238,10276.381
4239,9350.067
4240,7170.986
4241,7607.119
4242,7740.117
4243,8629.822
4244,7628.452
4245,8826.233
4246,7950.556
4247,8899.805
4248,9665.667
4249,7434.341
4250,9756.889
4251,10190.386
4252,8360.076
4253,9017.214
4254,7620.127
4255,10253.490
4256,9070.810
4257,8422.480
4258,8293.041
4259,8650.789
4260,8227.477
4261,8956.385
4262,7543.291
4263,8502.707
4264,9987.071
4265,9880.677
4266,12143.507
4267,8772.362
4268,9290.987
4269,10391.378
4270,11262.235
4271,10964.467
4272,9798.120
4273,11735.662
4274,10456.087
4275,8027.688
4276,11945.998
4277,9993.411
4278,8509.724
4279,9271.860
4280,8551.278
4281,8407.928
4282,9040.068
4283,8229.853
4284,8424.998
4285,7464.897
4286,7603.746
4287,8928.363
4288,10546.864
4289,9699.661
4290,11100.458
4291,10316.205
4292,9261.283
4293,10110.405
4294,7264.701
4295,7642.223
4296,8094.940
4297,8142.584
4298,7942.143
4299,7836.993
4300,7177.890
4301,8195.451
4302,8378.425
4303,10272.708
4304,10220.405
4305,10952.111
4306,7866.660
4307,9979.346
4308,9618.424
4309,7647.237
4310,9296.635
4311,9411.912
4312,8701.037
4313,7718.793
4314,7965.148
4315,8063.727
4316,9301.356
4317,7871.432
4318,7141.454
4319,8285.087
4320,7127.271
4321,7037.465
4322,8228.341
4323,8434.874
4324,9902.193
4325,8494.861
4326,8404.713
4327,7889.614
4328,10599.361
4329,8951.132
4330,10610.050
4331,10401.682
4332,8392.590
4333,11762.407
4334,8812.643
4335,10742.316
4336,8815.453
4337,8013.244
4338,8859.140
4339,7852.565
4340,10317.339
4341,9856.056
4342,8803.026
4343,8515.710
4344,8033.352
4345,8163.073
4346,7721.150
4347,9052.430
4348,8012.904
4349,8405.264
4350,8302.353
4351,9144.731
4352,8847.878
4353,9694.365
4354,8695.765
4355,8332.649
4356,8021.851
4357,9978.384
4358,8188.040
4359,8669.437
4360,8857.276
4361,8786.475
4362,7644.107
4363,13451.685
4364,9134.182
4365,7887.030
4366,9370.442
4367,9682.393
4368,9409.014
4369,9681.862
4370,8202.326
4371,8967.611
4372,8054.280
4373,10469.429
4374,8810.679
4375,15141.470
4376,12101.207
4377,11678.862
4378,9511.669
4379,9454.338
4380,7874.466
4381,8050.644
4382,8059.129
4383,7986.825
4384,7842.707
4385,8813.885
4386,11271.982
4387,9678.491
4388,8359.639
4389,7663.683
4390,7998.447
4391,9948.458
4392,10270.128
4393,9972.052
4394,8450.949
4395,8463.723
4396,9593.288
4397,8888.641
4398,8322.694
4399,8059.681
4400,7769.009
4401,10800.735
4402,10260.670
4403,7536.857
4404,8096.279
4405,8811.160
4406,8456.789
4407,7580.619
4408,8582.564
4409,8071.523
4410,9157.395
4411,7982.938
4412,7887.951
4413,8797.434
4414,10420.713
4415,9687.252
4416,10190.495
4417,8057.937
4418,8783.647
4419,7535.664
4420,8404.469
4421,7666.288
4422,8752.646
4423,9000.213
4424,8335.234
4425,8055.824
4426,7718.195
4427,7904.071
4428,8265.915
4429,8741.360
4430,10161.214
4431,11547.106
4432,11850.340
4433,8034.483
4434,7915.229
4435,7515.297
4436,8769.591
4437,10401.984
4438,8705.649
4439,10211.538
4440,11810.276
4441,10190.590
4442,9714.643
4443,7819.273
4444,8146.477
4445,8979.744
4446,9200.110
4447,9023.957
4448,8215.220
4449,9257.101
4450,9485.857
4451,12662.994
4452,9967.243
4453,8648.097
4454,10026.104
4455,8889.436
4456,8518.385
4457,8570.732
4458,9082.154
4459,9266.288
4460,8454.657
4461,8738.134
4462,7653.665
4463,10178.326
4464,9844.124
4465,10225.154
4466,9057.198
4467,8755.977
4468,10692.819
4469,10135.712
4470,8232.473
4471,9957.917
4472,9020.160
4473,8142.936
4474,9453.746
4475,12468.577
4476,9131.252
4477,10527.702
4478,10644.824
4479,10552.217
4480,9841.579
4481,8224.267
4482,8425.072
4483,7941.681
4484,11122.806
4485,9790.123
4486,13819.759
4487,9189.676
4488,8675.142
4489,8210.265
4490,8486.004
4491,9620.578
4492,8259.924
4493,8394.223
4494,9000.352
4495,10073.642
4496,8213.377
4497,7633.597
4498,7556.724
4499,7903.891
4500,7833.590
4501,9040.298
4502,8279.460
4503,11456.568
4504,12311.138
4505,10686.043
4506,9862.790
4507,8942.985
4508,8043.499
4509,8601.751
4510,8041.386
4511,8635.924
4512,12017.722
4513,8780.143
4514,9422.599
4515,10643.043
4516,8348.419
4517,8697.708
4518,7900.484
4519,8340.794
4520,7895.856
4521,8493.890
4522,9573.951
4523,8702.819
4524,8322.260
4525,7909.151
4526,8068.117
4527,8087.493
4528,8378.133
4529,8356.032
4530,10713.753
4531,8492.867
4532,9686.841
4533,10606.565
4534,10446.245
4535,10392.776
4536,10215.657
4537,8435.361
4538,8037.209
4539,10070.444
4540,8871.263
4541,8317.551
4542,8328.000
4543,7813.812
4544,7989.780
4545,7967.069
4546,8096.480
4547,10628.595
4548,11104.711
4549,9224.170
4550,8770.865
4551,7708.327
4552,8139.901
4553,7685.920
4554,8792.255
4555,10616.541
4556,10934.605
4557,10338.075
4558,8278.087
4559,9652.105
4560,11247.243
4561,10204.204
4562,10585.806
4563,10978.358
4564,9252.018
4565,8250.300
4566,11558.005
4567,9170.757
4568,9767.535
4569,9534.145
4570,9035.308
4571,8981.227
4572,10776.831
4573,9958.246
4574,8007.173
4575,9429.201
4576,11687.628
4577,11367.651
4578,10300.174
4579,10528.575
4580,7966.811
4581,8720.862
4582,7919.730
4583,9598.777
4584,8444.357
4585,10823.938
4586,10685.160
4587,10492.492
4588,10547.754
4589,10070.216
4590,7915.062
4591,8558.561
4592,8389.084
4593,9148.118
4594,11559.649
4595,9247.213
4596,8975.456
4597,8502.324
4598,8191.986
4599,8331.606
4600,8241.820
4601,8646.093
4602,8435.701
4603,10315.092
4604,9426.797
4605,11751.877
4606,10325.155
4607,8341.656
4608,10484.085
4609,9158.507
4610,9800.284
4611,9507.037
4612,9628.662
4613,10036.943
4614,9161.419
4615,8656.626
4616,11113.077
4617,10237.998
4618,9261.509
4619,9220.753
4620,9141.865
4621,9759.126
4622,10060.046
4623,8166.991
4624,10922.632
4625,10890.462
4626,9478.874
4627,11292.998
4628,12871.368
4629,8746.450
4630,9913.974
4631,10158.199
4632,8598.565
4633,9755.038
4634,7980.053
4635,8713.468
4636,8092.863
4637,8771.798
4638,10560.535
4639,9727.447
4640,9309.182
4641,9158.476
4642,8351.604
4643,8357.244
4644,7746.467
4645,10136.008
4646,9232.274
4647,8672.231
4648,10752.205
4649,8111.588
4650,9124.800
4651,8044.161
4652,10225.655
4653,8642.356
4654,10534.489
4655,11536.607
4656,11181.158
4657,9446.885
4658,9620.667
4659,8075.495
4660,9507.442
4661,9024.347
4662,10912.605
4663,9763.754
4664,10327.404
4665,9002.777
4666,9965.696
4667,9569.614
4668,8857.121
4669,10117.670
4670,9147.980
4671,8475.355
4672,7974.642
4673,9107.572
4674,8702.518
4675,10190.759
4676,9193.573
4677,9737.827
4678,8271.826
4679,8131.585
4680,9595.241
4681,8139.479
4682,8379.907
4683,8601.389
4684,8864.189
4685,8685.005
4686,10235.668
4687,10808.345
4688,9190.638
4689,10194.437
4690,7766.415
4691,8346.130
4692,8159.697
4693,10524.270
4694,10536.263
4695,8108.462
4696,8435.486
4697,8008.129
4698,8365.035
4699,7971.365
4700,7730.347
4701,12283.322
4702,10769.051
4703,8665.198
4704,8305.258
4705,8066.659
4706,8034.904
4707,8290.210
4708,7797.813
4709,7985.483
4710,11605.280
4711,12312.057
4712,8986.830
4713,9537.884
4714,8412.348
4715,10410.790
4716,9783.381
4717,10572.535
4718,11102.913
4719,11715.099
4720,9632.941
4721,10272.552
4722,9797.578
4723,9731.073
4724,9331.781
4725,9548.338
4726,9300.571
4727,9618.423
4728,10762.730
4729,12394.734
4730,9265.937
4731,8951.252
4732,9745.414
4733,8019.060
4734,9668.781
4735,12888.315
4736,10230.669
4737,8833.962
4738,11033.161
4739,9941.651
4740,10712.823
4741,8478.660
4742,8648.070
4743,7893.088
4744,8333.286
4745,7913.372
4746,9384.404
4747,9540.896
4748,8385.971
4749,7627.552
4750,7254.581
4751,7751.953
4752,7513.946
4753,7542.736
4754,8446.133
4755,7820.394
4756,8916.871
4757,7775.856
4758,8530.614
4759,7571.671
4760,7280.640
4761,7271.119
4762,7538.746
4763,8045.142
4764,9895.414
4765,10867.293
4766,9718.746
4767,7364.813
4768,7917.232
4769,9547.336
4770,8089.171
4771,7976.089
4772,7896.853
4773,7744.015
4774,8035.452
4775,8775.933
4776,7058.495
4777,7989.767
4778,7207.985
4779,7349.436
4780,7761.057
4781,7179.454
4782,7987.755
4783,8043.494
4784,9367.033
4785,7229.964
4786,7857.327
4787,7039.449
4788,7877.448
4789,7162.227
4790,7925.303
4791,7896.310
4792,10964.228
4793,8065.235
4794,7745.688
4795,7951.060
4796,7520.354
4797,8880.552
4798,9524.109
4799,8620.653
4800,9448.502
4801,9690.799
4802,10505.918
4803,11308.638
4804,7898.498
4805,7171.309
4806,9768.738
4807,7316.719
4808,7697.880
4809,9714.956
4810,8802.617
4811,8332.588
4812,7768.797
4813,8361.478
4814,9458.613
4815,9376.665
4816,8587.788
4817,7790.408
4818,8862.596
4819,9976.966
4820,10072.841
4821,9792.866
4822,9197.015
4823,9723.535
4824,8070.731
4825,8535.035
4826,9580.464
4827,10051.336
4828,9860.952
4829,8653.641
4830,7879.644
4831,7897.607
4832,8566.950
4833,9421.192
4834,9682.561
4835,10150.847
4836,10074.886
4837,8322.338
4838,9052.110
4839,9009.340
4840,8227.245
4841,8901.497
4842,7174.719
4843,9130.677
4844,8274.014
4845,10219.970
4846,9183.851
4847,8488.450
4848,10348.163
4849,8885.085
4850,9700.957
4851,8428.378
4852,8273.198
4853,8009.466
4854,9249.225
4855,10171.016
4856,7575.578
4857,8845.806
4858,7622.579
4859,9007.987
4860,8767.321
4861,7262.102
4862,8277.168
4863,8945.766
4864,9812.730
4865,8017.702
4866,8810.688
4867,8261.946
4868,7793.304
4869,10090.710
4870,8669.148
4871,8016.186
4872,7952.602
4873,8847.596
4874,7986.659
4875,8807.296
4876,7144.837
4877,10294.950
4878,7863.402
4879,8070.034
4880,7833.988
4881,10038.208
4882,11626.852
4883,10507.471
4884,7648.585
4885,8136.045
4886,7479.337
4887,8459.195
4888,8050.131
4889,10445.503
4890,9897.831
4891,8486.364
4892,10156.838
4893,9744.240
4894,10463.322
4895,8788.323
4896,8208.558
4897,7699.461
4898,7457.927
4899,8010.371
4900,8519.738
4901,8090.149
4902,7320.424
4903,8236.653
4904,6917.369
4905,7247.135
4906,7148.789
4907,8889.145
4908,8487.492
4909,7927.105
4910,8476.592
4911,7397.517
4912,8650.433
4913,6941.524
4914,10324.071
4915,7381.146
4916,7497.484
4917,7802.605
4918,9772.912
4919,12050.304
4920,8147.367
4921,7709.471
4922,9220.784
4923,9111.436
4924,7331.344
4925,7915.981
4926,7924.789
4927,10670.668
4928,11425.969
4929,10052.921
4930,8091.670
4931,7404.441
4932,7286.184
4933,7966.796
4934,9612.628
4935,11280.666
4936,10141.230
4937,7310.092
4938,7398.118
4939,10264.174
4940,7155.683
4941,7192.746
4942,7278.243
4943,9033.291
4944,8341.299
4945,7546.284
4946,7733.727
4947,9334.028
4948,9671.447
4949,7150.112
4950,8012.602
4951,7232.915
4952,10881.574
4953,10386.682
4954,8350.724
4955,9726.937
4956,7752.022
4957,7521.915
4958,8122.281
4959,8171.992
4960,7418.917
4961,9426.331
4962,8271.716
4963,8457.168
4964,8550.136
4965,8200.993
4966,7588.493
4967,7318.844
4968,7615.395
4969,8011.175
4970,9337.502
4971,10495.192
4972,9114.598
4973,8078.756
4974,8239.286
4975,7883.958
4976,9301.492
4977,8988.969
4978,9664.941
4979,7204.419
4980,8216.849
4981,10600.817
4982,8330.061
4983,7195.466
4984,9503.903
4985,8924.084
4986,9311.962
4987,8316.169
4988,8458.997
4989,8925.129
4990,8542.712
4991,8980.992
4992,8560.900
4993,7613.102
4994,7975.666
4995,8473.907
4996,8576.022
4997,9105.562
4998,8995.500
4999,10454.295
